name,description,brand,gtin,barcode,price,sale_price,cost,category,supplier,image_url,availability,quantity,search_text
Nutrilife Mango Juice 160ML,Nutrilife Mango Juice 160ML,Lucky Store,,LS-000201,45.0,45.0,36.0,Beverages,,,in_stock,6,nutrilife mango juice 160ml lucky store beverages
Nutrilife Mango Juice 1L,Nutrilife Mango Juice 1L,Lucky Store,,LS-000202,295.0,295.0,227.0,Beverages,,,in_stock,1,nutrilife mango juice 1l lucky store beverages
Nutrilife Orange Juice 1L,Nutrilife Orange Juice 1L,Lucky Store,,LS-000203,295.0,295.0,227.0,Beverages,,,in_stock,2,nutrilife orange juice 1l lucky store beverages
Nutrilife Pomegranate 1L,Nutrilife Pomegranate 1L,Lucky Store,,LS-000204,350.0,350.0,292.0,Beverages,,https://d2t8nl1y0ie1km.cloudfront.net/images/thumbs/65fa93be115075f231ec4d8e_Nutrilife-Pomegranate-Beverage-1L_1_415.webp,in_stock,1,nutrilife pomegranate 1l lucky store beverages
Oats Bar,Oats Bar,Lucky Store,,LS-000205,120.0,120.0,103.0,Chocolates & Candies,,,in_stock,3,oats bar lucky store chocolates & candies
Pampers Sensitive Fragrance Free Baby Wipes - 52 Pieces,Pampers Sensitive Fragrance Free Baby Wipes - 52 Pieces,Lucky Store,,LS-000206,500.0,500.0,400.0,Baby Care,,,in_stock,2,pampers sensitive fragrance free baby wipes - 52 pieces lucky store baby care
Paprika Powder - 15g,Paprika Powder - 15g,Lucky Store,,LS-000207,80.0,80.0,45.0,Cooking Needs,,,in_stock,2,paprika powder - 15g lucky store cooking needs
Patabahar Coil - 1Pac,Patabahar Coil - 1Pac,Lucky Store,,LS-000208,100.0,100.0,70.0,Pest Control,,,in_stock,2,patabahar coil - 1pac lucky store pest control
50gm,50gm,Lucky Store,,LS-000209,80.0,80.0,68.0,Spices ,,https://d2t8nl1y0ie1km.cloudfront.net/images/thumbs/65fa9613115075f231eccde7_Radhuni-BBQ-Masala-50gm_1_415.webp,in_stock,2,radhuni bbq masala 50gm lucky store spices
40gm,40gm,Lucky Store,,LS-000210,60.0,58.0,50.0,Spices ,,https://d2t8nl1y0ie1km.cloudfront.net/images/thumbs/65fa95f0115075f231eccc3f_Radhuni-Biryani-Masala-40gm_1_415.webp,in_stock,5,radhuni biriyani masala 40gm lucky store spices
50gm,50gm,Lucky Store,,LS-000211,40.0,38.0,33.0,Spices ,,https://d2t8nl1y0ie1km.cloudfront.net/images/thumbs/65fa95b1115075f231ecc8ea_Radhuni-Borhani-Masala-50gm_1_415.webp,in_stock,2,radhuni borhani masala 50gm lucky store spices
50gm,50gm,Lucky Store,,LS-000212,80.0,80.0,68.0,Spices ,,https://d2t8nl1y0ie1km.cloudfront.net/images/thumbs/65fa9600115075f231eccd03_Radhuni-Chicken-Tandoori-Masala-50gm_1_415.webp,in_stock,2,radhuni chicken tandoori 50gm lucky store spices
Radhuni Chui Jhal Mangsho Masala 38gm. Spicy meat curry mix.,Radhuni Chui Jhal Mangsho Masala 38gm. Spicy meat curry mix.,Lucky Store,,LS-000213,120.0,115.0,102.0,Spices ,,,in_stock,2,radhuni chui jhal mangsho masala 38gm lucky store spices
100gm,100gm,Lucky Store,,LS-000214,60.0,60.0,51.5,Spices ,,,in_stock,12,radhuni dhoniya gura 100gm lucky store spices
15gm,15gm,Lucky Store,,LS-000215,10.0,10.0,8.75,Spices ,,,in_stock,12,radhuni dhoniya gura 15gm lucky store spices
500gm,500gm,Lucky Store,,LS-000216,240.0,240.0,210.0,Spices ,,,in_stock,3,radhuni dhoniya gura 500gm lucky store spices
50gm,50gm,Lucky Store,,LS-000217,32.0,32.0,27.5,Spices ,,,in_stock,2,radhuni dhoniya gura 50gm lucky store spices
75gm,75gm,Lucky Store,,LS-000218,80.0,80.0,69.0,Spices ,,https://d2t8nl1y0ie1km.cloudfront.net/images/thumbs/6728a26e3a11aefc405c7de1_Radhuni-Fried-Chicken-Mix-75gm_1_415.webp,in_stock,12,radhuni fried chicken mix 75gm lucky store spices
Radhuni Fried Rice Mix 8gm. Authentic spice blend for fried rice.,Radhuni Fried Rice Mix 8gm. Authentic spice blend for fried rice.,Lucky Store,,LS-000219,10.0,10.0,8.7,Spices ,,https://d2t8nl1y0ie1km.cloudfront.net/images/thumbs/6728a26e3a11aefc405c7de1_Radhuni-Fried-Chicken-Mix-75gm_1_415.webp,in_stock,13,radhuni fried rice mix 8gm lucky store spices
40gm,40gm,Lucky Store,,LS-000220,95.0,90.0,83.0,Spices ,,https://d2t8nl1y0ie1km.cloudfront.net/images/thumbs/65fa95ba115075f231ecc952_Radhuni-Garam-Masala-Powder-40gm_1_415.webp,in_stock,5,radhuni gorom masala 40gm lucky store spices
15gm,15gm,Lucky Store,,LS-000221,40.0,40.0,34.5,Spices ,,,in_stock,12,radhuni gorom masala gura 15gm lucky store spices
100gm,100gm,Lucky Store,,LS-000222,90.0,90.0,79.0,Spices ,,,in_stock,12,radhuni gorur mangsho masala 100gm lucky store spices
25gm,25gm,Lucky Store,,LS-000223,25.0,22.0,21.0,Spices ,,https://d2t8nl1y0ie1km.cloudfront.net/images/thumbs/65fa95ef115075f231eccc33_Radhuni-Beef-Masala-25gm_1_415.webp,in_stock,12,radhuni gorur masala 25gm lucky store spices
33gm,33gm,Lucky Store,,LS-000224,60.0,60.0,50.0,Spices ,,,in_stock,2,radhuni hasher mangsho 33gm lucky store spices
100gm,100gm,Lucky Store,,LS-000225,75.0,72.0,65.0,Spices ,,,in_stock,12,radhuni holud gura 100gm lucky store spices
200gm,200gm,Lucky Store,,LS-000226,145.0,140.0,126.0,Spices ,,,in_stock,6,radhuni holud gura 200gm lucky store spices
25gm,25gm,Lucky Store,,LS-000227,20.0,20.0,17.25,Spices ,,,in_stock,12,radhuni holud gura 25gm lucky store spices
500gm,500gm,Lucky Store,,LS-000228,335.0,320.0,291.0,Spices ,,,in_stock,3,radhuni holud gura 500gm lucky store spices
50gm,50gm,Lucky Store,,LS-000229,40.0,38.0,34.5,Spices ,,,in_stock,2,radhuni holud gura 50gm lucky store spices
Radhuni Jira Gura (Ground Cumin) 100gm. Essential for curries.,Radhuni Jira Gura (Ground Cumin) 100gm. Essential for curries.,Lucky Store,,LS-000230,160.0,160.0,142.0,Spices ,,,in_stock,6,radhuni jira gura 100gm lucky store spices
15gm,15gm,Lucky Store,,LS-000231,28.0,28.0,24.25,Spices ,,,in_stock,12,radhuni jira gura 15gm lucky store spices
Radhuni Jira Gura (Ground Cumin) 200gm. Aromatic spice.,Radhuni Jira Gura (Ground Cumin) 200gm. Aromatic spice.,Lucky Store,,LS-000232,310.0,310.0,270.0,Spices ,,,in_stock,6,radhuni jira gura 200gm lucky store spices
50gm,50gm,Lucky Store,,LS-000233,85.0,85.0,75.0,Spices ,,,in_stock,2,radhuni jira gura 50gm lucky store spices
50gm,50gm,Lucky Store,,LS-000234,100.0,98.0,84.0,Spices ,,https://d2t8nl1y0ie1km.cloudfront.net/images/thumbs/65fa95b3115075f231ecc8fe_Radhuni-Kabab-Masala-50gm_1_415.webp,in_stock,2,radhuni kabab masala 50gm lucky store spices
40gm,40gm,Lucky Store,,LS-000235,70.0,67.0,58.0,Spices ,,https://d2t8nl1y0ie1km.cloudfront.net/images/thumbs/65fa9606115075f231eccd4b_Radhuni-Kachchi-Biryani-Masala-40gm_1_415.webp,in_stock,5,radhuni kacchi biriyani masala 40gm lucky store spices
80gm,80gm,Lucky Store,,LS-000236,100.0,98.0,85.0,Spices ,,https://d2t8nl1y0ie1km.cloudfront.net/images/thumbs/65fa9606115075f231eccd47_Radhuni-Kala-Bhuna-Masala-80gm_1_415.webp,in_stock,3,radhuni kala bhuna 80gm lucky store spices
285ml,285ml,Lucky Store,,LS-000237,65.0,65.0,57.5,Spices ,,https://d2t8nl1y0ie1km.cloudfront.net/images/thumbs/65fa95d3115075f231eccaa9_Radhuni-Kasundi-26520ml_1_415.webp,in_stock,3,radhuni kasundi 285ml lucky store spices
30gm,30gm,Lucky Store,,LS-000238,50.0,48.0,41.5,Spices ,,https://d2t8nl1y0ie1km.cloudfront.net/images/thumbs/684e7c838b3a4ee750ce9305_Radhuni-KormaMasala-30g_1_415.webp,in_stock,3,radhuni korma masala 30gm lucky store spices
20gm,20gm,Lucky Store,,LS-000239,18.0,18.0,15.0,Spices ,,,in_stock,12,radhuni macher masala 20gm lucky store spices
100gm,100gm,Lucky Store,,LS-000240,95.0,95.0,84.0,Spices ,,,in_stock,12,radhuni mangsho masala 100gm lucky store spices
68gm,68gm,Lucky Store,,LS-000241,100.0,98.0,85.0,Spices ,,,in_stock,13,radhuni mezbani gorur masala 68gm lucky store spices
100gm,100gm,Lucky Store,,LS-000242,75.0,70.0,64.75,Spices ,,,in_stock,12,radhuni morich gura 100gm lucky store spices
200gm,200gm,Lucky Store,,LS-000243,140.0,135.0,121.5,Spices ,,,in_stock,6,radhuni morich gura 200gm lucky store spices
25gm,25gm,Lucky Store,,LS-000244,20.0,20.0,17.15,Spices ,,,in_stock,12,radhuni morich gura 25gm lucky store spices
500gm,500gm,Lucky Store,,LS-000245,345.0,330.0,297.0,Spices ,,,in_stock,3,radhuni morich gura 500gm lucky store spices
50gm,50gm,Lucky Store,,LS-000246,38.0,35.0,32.75,Spices ,,,in_stock,2,radhuni morich gura 50gm lucky store spices
20gm,20gm,Lucky Store,,LS-000247,20.0,20.0,17.0,Spices ,,,in_stock,12,radhuni murgi mangsho 20gm lucky store spices
100gm,100gm,Lucky Store,,LS-000248,95.0,95.0,81.25,Spices ,,https://d2t8nl1y0ie1km.cloudfront.net/images/thumbs/65fa95df115075f231eccb39_Radhuni-Murgir-Masala-20gm_1_415.webp,in_stock,12,radhuni murgir masala 100gm lucky store spices
50gm,50gm,Lucky Store,,LS-000249,30.0,28.0,25.75,Spices ,,,in_stock,2,radhuni panch phoron 50gm lucky store spices
50gm,50gm,Lucky Store,,LS-000250,30.0,30.0,25.75,Spices ,,,in_stock,2,radhuni panch phoron powder lucky store spices
100gm,100gm,Lucky Store,,LS-000251,230.0,230.0,201.0,Oil,,https://d2t8nl1y0ie1km.cloudfront.net/images/thumbs/6728a146870366949a041391_Radhuni-Premium-Ghee-100gm_1_415.webp,in_stock,12,radhuni premium ghee 100gm lucky store oil
200gm,200gm,Lucky Store,,LS-000252,425.0,425.0,373.0,Oil,,https://d2t8nl1y0ie1km.cloudfront.net/images/thumbs/6728a146870366949a0413af_Radhuni-Premium-Ghee-200gm_1_415.webp,in_stock,6,radhuni premium ghee 200gm lucky store oil
35gm,35gm,Lucky Store,,LS-000253,65.0,65.0,55.0,Spices ,,https://d2t8nl1y0ie1km.cloudfront.net/images/thumbs/65fa95ce115075f231ecca75_Radhuni-Easy-Mix-Roast-Masala-35gm_1_415.webp,in_stock,5,radhuni roast masala 35gm lucky store spices
1ml,1ml,Lucky Store,,LS-000254,360.0,350.0,327.0,Oil,,,in_stock,6,radhuni shorisha oil 1ltr lucky store oil
250ml,250ml,Lucky Store,,LS-000255,95.0,90.0,86.0,Oil,,,in_stock,26,radhuni shorisha oil 250ml lucky store oil
500ml,500ml,Lucky Store,,LS-000256,185.0,180.0,167.5,Oil,,,in_stock,12,radhuni shorisha oil 500ml lucky store oil
80ml,80ml,Lucky Store,,LS-000257,35.0,35.0,31.5,Oil,,,in_stock,6,radhuni shorisha oil 80ml lucky store oil
Radhuni Sunflower Oil 1 liter. Healthy cooking oil.,Radhuni Sunflower Oil 1 liter. Healthy cooking oil.,Lucky Store,,LS-000258,490.0,480.0,385.0,Oil,,,in_stock,6,radhuni sunflower oil 1ltr lucky store oil
40gm,40gm,Lucky Store,,LS-000259,55.0,55.0,47.33,Spices ,,https://d2t8nl1y0ie1km.cloudfront.net/images/thumbs/65fa95f4115075f231eccc73_Radhuni-Tehari-Masala-40gm_1_415.webp,in_stock,5,radhuni tehari masala 40gm lucky store spices
Radhuni Vinegar 280ml. Perfect for salads,Radhuni Vinegar 280ml. Perfect for salads,Lucky Store,,LS-000260,45.0,45.0,37.0,Oil,,https://d2t8nl1y0ie1km.cloudfront.net/images/thumbs/65fa95ff115075f231ecccfb_Radhuni-Vinegar-280ml_1_415.webp,pickling,6,radhuni vinegar 280ml lucky store oil
540ml,540ml,Lucky Store,,LS-000261,70.0,70.0,58.0,Oil,,https://d2t8nl1y0ie1km.cloudfront.net/images/thumbs/65fa9600115075f231eccd07_Radhuni-Synthetic-Vinegar-540ml_1_415.webp,in_stock,6,radhuni vinegar 540ml lucky store oil
Rangdhanu Mixed Herbs - 30g (Exp01.23),Rangdhanu Mixed Herbs - 30g (Exp01.23),Lucky Store,,LS-000262,80.0,80.0,60.0,Spices ,,,in_stock,1,rangdhanu mixed herbs - 30g (exp01.23) lucky store spices
Rayners Corn Flour - 400g,Rayners Corn Flour - 400g,Lucky Store,,LS-000263,280.0,280.0,105.0,Baking Needs,,,in_stock,2,rayners corn flour - 400g lucky store baking needs
Real Potato Chips (American Tomato),Real Potato Chips (American Tomato),Lucky Store,,LS-000264,20.0,20.0,14.16,Snacks,,,in_stock,24,real potato chips (american tomato) lucky store snacks
Regard Keora Water (Glass) - 200ml,Regard Keora Water (Glass) - 200ml,Lucky Store,,LS-000265,40.0,40.0,30.0,Cooking Needs,,,in_stock,2,regard keora water (glass) - 200ml lucky store cooking needs
Rexona Men Advanced Invisible Dry Roll On - 45ml,Rexona Men Advanced Invisible Dry Roll On - 45ml,Lucky Store,,LS-000266,280.0,280.0,160.0,Personal Care,,,in_stock,2,rexona men advanced invisible dry roll on - 45ml lucky store personal care
Rexona Motionsense Advanced Brightening Roll On - 50ml,Rexona Motionsense Advanced Brightening Roll On - 50ml,Lucky Store,,LS-000267,330.0,330.0,160.0,Personal Care,,,in_stock,1,rexona motionsense advanced brightening roll on - 50ml lucky store personal care
Saf Instant Yeast - 100g,Saf Instant Yeast - 100g,Lucky Store,,LS-000268,170.0,170.0,100.0,Baking Needs,,,in_stock,2,saf instant yeast - 100g lucky store baking needs
Safari,Safari,Lucky Store,,LS-000269,25.0,23.0,16.9,Chocolates & Candies,,,in_stock,32,safari lucky store chocolates & candies
Safe Touch 0032 5Port 2m Cable Multiplug Heavy Duty White,Safe Touch 0032 5Port 2m Cable Multiplug Heavy Duty White,Lucky Store,,LS-000270,290.0,290.0,160.0,Electronics,,,in_stock,1,safe touch 0032 5port 2m cable multiplug heavy duty white lucky store electronics
Safe Touch 0032 5Port 5m Cable Multiplug Heavy Duty White,Safe Touch 0032 5Port 5m Cable Multiplug Heavy Duty White,Lucky Store,,LS-000271,250.0,250.0,215.0,Electronics,,,in_stock,1,safe touch 0032 5port 5m cable multiplug heavy duty white lucky store electronics
Safe Touch 0034 4Port 5m Cable Multiplug Heavy Duty White,Safe Touch 0034 4Port 5m Cable Multiplug Heavy Duty White,Lucky Store,,LS-000272,220.0,220.0,195.0,Electronics,,,in_stock,2,safe touch 0034 4port 5m cable multiplug heavy duty white lucky store electronics
Samyang Extreme Hot Chicken Ramen Noodles Cup - 70g,Samyang Extreme Hot Chicken Ramen Noodles Cup - 70g,Lucky Store,,LS-000273,190.0,190.0,150.0,Snacks,,https://chaldn.com/_mpimage/samyang-hot-chicken-ramen-noodles-2x-spicy-140-gm?src=https%3A%2F%2Feggyolk.chaldal.com%2Fapi%2FPicture%2FRaw%3FpictureId%3D47022&q=best&v=1&m=400&webp=1,in_stock,2,samyang extreme hot chicken ramen noodles cup - 70g lucky store snacks
Samyang Hot Chicken Flavor Carbo Ramen Noodles Cup - 80g,Samyang Hot Chicken Flavor Carbo Ramen Noodles Cup - 80g,Lucky Store,,LS-000274,260.0,260.0,150.0,Snacks,,https://chaldn.com/_mpimage/samyang-hot-chicken-ramen-noodles-2x-spicy-140-gm?src=https%3A%2F%2Feggyolk.chaldal.com%2Fapi%2FPicture%2FRaw%3FpictureId%3D47022&q=best&v=1&m=400&webp=1,in_stock,1,samyang hot chicken flavor carbo ramen noodles cup - 80g lucky store snacks
250gm,250gm,Lucky Store,,LS-000275,125.0,125.0,110.0,Tea & Coffee,,,in_stock,4,seylon cha pata 250gm lucky store tea & coffee
500gm,500gm,Lucky Store,,LS-000276,240.0,240.0,210.0,Tea & Coffee,,,in_stock,3,seylon cha pata 500gm lucky store tea & coffee
1.5gm,1.5gm,Lucky Store,,LS-000277,110.0,110.0,95.0,Tea & Coffee,,,in_stock,4,seylon green tea 1.5gm lucky store tea & coffee
2gm,2gm,Lucky Store,,LS-000278,90.0,90.0,80.0,Tea & Coffee,,,in_stock,2,seylon tea bag pyramid 2gm lucky store tea & coffee
Shell & Core,Shell & Core,Lucky Store,,LS-000279,30.0,30.0,25.6,Ice Cream,,https://d2t8nl1y0ie1km.cloudfront.net/images/thumbs/65fa9609d61902ef23078b99_Igloo-Stick-Shell-Core-62-ml_1_415.webp,in_stock,30,shell & core lucky store ice cream
Shell & Core,Shell & Core,Lucky Store,,LS-000280,30.0,30.0,25.6,Ice Cream,,https://d2t8nl1y0ie1km.cloudfront.net/images/thumbs/65fa9609d61902ef23078b99_Igloo-Stick-Shell-Core-62-ml_1_415.webp,in_stock,30,shell & core lucky store ice cream
Snickers Fruit & Nut Chocolate - 32g,Snickers Fruit & Nut Chocolate - 32g,Lucky Store,,LS-000281,220.0,220.0,120.0,Chocolates & Candies,,,in_stock,2,snickers fruit & nut chocolate - 32g lucky store chocolates & candies
200ml,200ml,Lucky Store,,LS-000282,40.0,40.0,33.0,Beverages,,,in_stock,4,starship milkshake cookies 200ml lucky store beverages
Strawberry (1/2 L),Strawberry (1/2 L),Lucky Store,,LS-000283,160.0,160.0,137.0,Ice Cream,,,in_stock,2,strawberry (1/2 l) lucky store ice cream
Strawberry 1L,Strawberry 1L,Lucky Store,,LS-000284,300.0,300.0,258.0,Ice Cream,,https://d2t8nl1y0ie1km.cloudfront.net/images/thumbs/66844d32f2321da2357f5ee0_Dolphin-Strawberry-Drink-350ml-MY_1_415.webp,in_stock,3,strawberry 1l lucky store ice cream
Taaqa Juice,Taaqa Juice,Lucky Store,,LS-000285,30.0,30.0,24.0,Beverages,,https://d2t8nl1y0ie1km.cloudfront.net/images/thumbs/665e84ac673683244576a8ec_Taaqa-Electrolyte-Apple-Juice-160ml-Bhutan_1_415.webp,in_stock,60,taaqa juice lucky store beverages
Tang Orange Jar 750gm. Vitamin C rich orange drink.,Tang Orange Jar 750gm. Vitamin C rich orange drink.,Lucky Store,,LS-000286,780.0,780.0,680.0,Beverages,,https://d2t8nl1y0ie1km.cloudfront.net/images/thumbs/68931ce82530624939408546_Tang-Powder-Drink-Orange-750gm-Jar_1_415.webp,in_stock,2,tang orange jar 750gm lucky store beverages
Tang Orange Refill Pack 200gm,Tang Orange Refill Pack 200gm,Lucky Store,,LS-000287,200.0,200.0,180.0,Beverages,,,in_stock,3,tang orange refill pack 200gm lucky store beverages
Tang Orange Refill Pack 500gm,Tang Orange Refill Pack 500gm,Lucky Store,,LS-000288,425.0,425.0,380.0,Beverages,,,in_stock,3,tang orange refill pack 500gm lucky store beverages
Tastemaker - Tasting Salt,Tastemaker - Tasting Salt,Lucky Store,,LS-000289,50.0,50.0,42.0,Cooking Needs,,,in_stock,12,tastemaker - tasting salt lucky store cooking needs
Transtac LED Bright 18w Churi,Transtac LED Bright 18w Churi,Lucky Store,,LS-000290,355.0,345.0,265.0,Electronics,,,in_stock,1,transtac led bright 18w churi lucky store electronics
Transtec Backup 10w Churi,Transtec Backup 10w Churi,Lucky Store,,LS-000291,750.0,700.0,590.0,Electronics,,,in_stock,1,transtec backup 10w churi lucky store electronics
Transtec Backup 10w Pin,Transtec Backup 10w Pin,Lucky Store,,LS-000292,750.0,750.0,590.0,Electronics,,,in_stock,1,transtec backup 10w pin lucky store electronics
Transtec Backup 15w Churi,Transtec Backup 15w Churi,Lucky Store,,LS-000293,950.0,950.0,730.0,Electronics,,,in_stock,1,transtec backup 15w churi lucky store electronics
Transtec Backup 15w Pin,Transtec Backup 15w Pin,Lucky Store,,LS-000294,950.0,950.0,730.0,Electronics,,,in_stock,1,transtec backup 15w pin lucky store electronics
Transtec LED Bright 13w Churi,Transtec LED Bright 13w Churi,Lucky Store,,LS-000295,275.0,265.0,199.0,Personal Care,,,in_stock,1,transtec led bright 13w churi lucky store personal care
Transtec LED Bright 15w Pin,Transtec LED Bright 15w Pin,Lucky Store,,LS-000296,265.0,265.0,215.0,Electronics,,,in_stock,1,transtec led bright 15w pin lucky store electronics
Transtec LED Bright 18w Pin,Transtec LED Bright 18w Pin,Lucky Store,,LS-000297,355.0,345.0,265.0,Electronics,,,in_stock,1,transtec led bright 18w pin lucky store electronics
Transtec LED Bright 5w Pin bulb. Compact and energy saving.,Transtec LED Bright 5w Pin bulb. Compact and energy saving.,Lucky Store,,LS-000298,150.0,150.0,,Electronics,,,in_stock,1,transtec led bright 5w pin lucky store electronics
Transtec LED Bright 7w Pin bulb. Energy efficient lighting for home or office.,Transtec LED Bright 7w Pin bulb. Energy efficient lighting for home or office.,Lucky Store,,LS-000299,195.0,195.0,,Electronics,,,in_stock,1,transtec led bright 7w pin lucky store electronics
Transtec LED Bright 9w Pin,Transtec LED Bright 9w Pin,Lucky Store,,LS-000300,220.0,200.0,167.0,Electronics,,,in_stock,1,transtec led bright 9w pin lucky store electronics
