Sl,SKU,Barcode,Item Name,Category,Description,Cost,MRP,Competitor Price,LS Price,Quantity,Tax Paid,Discount,Total Cost,Total Price,Total Profit,% Profit,Batch Code,Supplier,Expiry Date (YYYY-MM-DD),Image URL,Price URL,XPath
1,,,Pepsodent Advanced Salt 70g,Personal Care,Toothpaste 70g,78.67,90.0,85.00 - 95.00,85.0,6,54.6,52,419.92,510.00,90,21.45,BATCH-001,Unilever - Atlantic Distribition,,,Shop Pepsodent Tooth Paste Advanced Salt 70g at Shwapno.com,//ins
2,,,Transtec LED Bright 7w Pin,Electronics,,,195.0,,195.0,1,,,0.00,195.00,195,#DIV/0!,BATCH-001,,,,,
3,,,Doodles Instant Noodles Masala 62g (24 Pack),Snacks,,76.00,90.0,,90.0,3,,6,222.00,270.00,48,21.62,BATCH-001,DIPLOMA - NEXT ASSOCIATES,,,,
2,,,Pepsodent Advanced Salt 140g,Personal Care,Toothpaste 140g,140.47,160.0,155.00 - 170.00,155.0,6,97.5,93,749.78,930.00,180,24.04,BATCH-001,Unilever - Atlantic Distribition,,,,
3,,,Transtec LED Bright 5w Pin,Electronics,,,150.0,,150.0,1,,,0.00,150.00,150,#DIV/0!,BATCH-001,,,,,
3,,,Pepsodent Germicheck 85g,Personal Care,Toothpaste 80g,83.03,95.0,90.00 - 100.00,90.0,12,125.0,35,961.36,1080.00,119,12.34,BATCH-001,Unilever - Atlantic Distribition,,,,
4,,,Radhuni Vinegar 280ml,Oil,280ml,37.00,45,,45,6,,,222.00,270.00,48,21.62,BATCH-001,,,,,
5,,,Close Up Toothpaste Sea Salt 140g,Personal Care,Toothpaste 140g,149.25,170.0,,165.0,6,118.8,99,796.64,990.00,193,24.27,BATCH-001,Unilever - Atlantic Distribition,,,,
6,,,Nescafe Sunrise 3in1 10g Sachet (FREE),Tea & Coffee,,0.00,,15.0,15.0,12,,,0.00,180.00,180,#DIV/0!,BATCH-001,,,,,
7,,,Close Up Menthol Fresh Toothpaste 38g,Personal Care,Toothpaste 38g,44.25,50.0,,47.5,12,68.4,24,507.00,570.00,63,12.43,BATCH-001,Unilever - Atlantic Distribition,,,,
8,,,Axe Black Deodorant Body Spray -150ml,Personal Care,,370.00,,450.0,450.0,1,,,370.00,450.00,80,21.62,BATCH-001,,,,,
9,,,Lux Soap Soft Touch 75g,Personal Care,Soap 75g,44.21,60.0,,55.0,18,118.8,,795.78,990.00,194,24.41,BATCH-001,Unilever - Atlantic Distribition,,,,
4,,,Pepsodent Sensitive Expert 140,Personal Care,Toothpaste 140g,183.33,220.0,210.00 - 240.00,210.0,2,42.8,37,329.21,420.00,91,27.58,BATCH-001,Unilever - Atlantic Distribition,,,,
5,,,Pepsodent Germicheck 40g,Personal Care,Toothpaste 40g,43.75,50.0,50.00 - 55.00,50.0,12,68.3,,525.00,600.00,75,14.29,BATCH-001,Unilever - Atlantic Distribition,,,,
6,,,Axe Apollo Deodorant Body Spray,Personal Care,,370.00,,450.0,450.0,1,,,370.00,450.00,80,21.62,BATCH-001,,,,,
7,,,Radhuni Fried Rice Mix 8gm,Spices ,8gm,8.70,10,,10,13,,9,104.40,130.00,26,24.52,BATCH-001,,,,,
8,,,Ponds Pure White 50g,Personal Care,Facewash 50g,94.00,125.0,,120.0,1,14.4,,94.00,120.00,26,27.66,BATCH-001,Unilever - Atlantic Distribition,,,,
9,,,Surf Excel Matic Liquid Top 500ml,Cleaning Supply,Laundry Liquid 500ml,175.00,210.0,,200.0,12,288.0,,2100.00,2400.00,300,14.29,BATCH-001,Unilever - Atlantic Distribition,,,,
6,,,Pepsodent Sensitive Gum Care 140g,Personal Care,Toothpaste 140g,208.33,225.0,220.00 - 245.00,220.0,2,48.6,43,374.11,440.00,66,17.61,BATCH-001,Unilever - Atlantic Distribition,,,,
7,,,Close Up Menthol Fresh Toothpaste 7g,Personal Care,Toothpaste 7g,2.46,3.0,,3.0,12,4.3,,29.52,36.00,6,21.95,BATCH-001,Unilever - Atlantic Distribition,,,,
8,,,Radhuni Sunflower Oil 1ltr,Oil,1ml,385.00,490,,480,2,,,770.00,960.00,190,24.68,BATCH-001,,,,,
9,,,Ponds Pure White 100g,Personal Care,Facewash 100g,156.34,220.0,#REF!,200.0,2,48.0,,312.68,400.00,87,27.93,BATCH-001,Unilever - Atlantic Distribition,,,,
10,,,Foodie Masala Noodles 8 Pack,Packaged Food,,105.00,120.0,,120.0,12,,,1260.00,1440.00,180,14.29,BATCH-001,Olympic Industries Limited,,,,
7,,,Pepsodent Germicheck 190g,Personal Care,Toothpaste 190g,149.24,170.0,160.00 - 185.00,160.0,13,249.6,125,1815.12,2080.00,265,14.59,BATCH-001,Unilever - Atlantic Distribition,,,,
8,,,Kellogs K-Park 26g,Cereals,,17.50,,,20.0,48,,24,816.00,960.00,144,17.65,BATCH-001,KELLOGS - FM DISTRIBUTION,,,,
9,,,Solecti Cookies - Standard Pack,Biscuits & Cookies,Check the name ,16.00,20.0,,20.0,24,,,384.00,480.00,96,25.00,BATCH-001,Olympic Industries Limited,,,,
10,,,Lux Soap Soft Touch 25g,Personal Care,Soap 25g,12.81,15.0,,15.0,72,129.6,79,843.12,1080.00,237,28.10,BATCH-001,Unilever - Atlantic Distribition,,,,
8,,,Pepsodent Sensitive Expert Fresh 15g,Personal Care,Free Item,10.65,15.0,,12.0,13,18.7,,138.45,156.00,18,13,BATCH-001,Unilever - Atlantic Distribition,,,,
9,,,Tang Orange Jar 750gm,Beverages,,680.00,780,,780,2,,,1360.00,1560.00,200,14.71,BATCH-001,,,,,
10,,,Orange Biscuit - Standard Pack,Biscuits & Cookies,"(price written 4*24 but charged 8*24, please check with supplier)",4.00,5.0,,5.0,24,,,96.00,120.00,24,25.00,BATCH-001,Olympic Industries Limited,,,,
11,,,⁠Starship Jhal Chanachur 300gm,Snacks,300gm,78.00,100,,100,5,,,390.00,500.00,110,28.21,BATCH-001,,,,,
12,,,Kings Pure Sunflower Oil 2L,Oil,2L,710.00,,,800.0,1,,,710.00,800.00,90,12.68,BATCH-001,Rupchanda - SS Trade International,,,,
13,,,Radhuni Jira Gura 200gm,Spices ,200gm,270.00,310,,310,6,,,1620.00,1860.00,240,14.81,BATCH-001,,,,,
9,,,Sunsilk Shampoo Hair Fall Solution,Personal Care,Shampoo 5.25ml,2.58,3.0,,3.0,36,13.0,4,88.50,108.00,20,22.03,BATCH-001,Unilever - Atlantic Distribition,,,,
10,,,Chocolate Plus - Classic Pack,Biscuits & Cookies,,8.00,10.0,,10.0,24,,,192.00,240.00,48,25.00,BATCH-001,Olympic Industries Limited,,,,
11,,,Radhuni Jira Gura 100gm,Spices ,100gm,142.00,160,,160,12,,,1704.00,1920.00,216,12.68,BATCH-001,,,,,
12,,,Knorr Soup 31g,Packaged Food,Packet Soup 31g,143.70,170.0,,165.0,2,39.6,,287.40,330.00,43,14.82,BATCH-001,Unilever - Atlantic Distribition,,,,
10,,,Sunsilk Shampoo Thick & Long 5.25,Personal Care,Shampoo 5.25ml,2.58,3.0,,3.0,36,13.0,4,88.50,108.00,20,22.03,BATCH-001,Unilever - Atlantic Distribition,,,,
11,,,Milk Plus - Classic Pack,Biscuits & Cookies,,8.00,10.0,,10.0,24,,,192.00,240.00,48,25.00,BATCH-001,Olympic Industries Limited,,,,
12,,,Radhuni Chui Jhal Mangsho Masala 38gm,Spices ,38gm,102.00,120,,115,2,,,204.00,230.00,26,12.75,BATCH-001,,,,,
13,,,Isubgul,Cooking Needs,,74.00,,,85.0,10,,,740.00,850.00,110,14.86,BATCH-001,,,,,
11,,,Sunsilk Conditioner Hair Fall Solution 8ml,Personal Care,Conditioner 8ml,3.50,4.0,,4.0,36,17.3,7,119.50,144.00,25,20.50,BATCH-001,Unilever - Atlantic Distribition,,,,
12,,,Lifebouy Health Care 90g,Personal Care,Soap 90g,49.15,60.0,,60.0,24,172.8,,1179.60,1440.00,260,22.08,BATCH-001,Unilever - Atlantic Distribition,,,,
13,,,Hello Cookies - Classic Pack,Biscuits & Cookies,,8.00,10.0,,10.0,24,,,192.00,240.00,48,25.00,BATCH-001,Olympic Industries Limited,,,,
14,,,Clear Shampoo Cool Sport Menthol 170ml,Personal Care,Shampoo 170ml,230.49,270.0,,260.0,3,93.6,,691.47,780.00,89,12.80,BATCH-001,Unilever - Atlantic Distribition,,,,
12,,,Sunsilk Shampoo Black Shine 5.25ml,Personal Care,Shampoo 5.25ml,2.58,3.0,,3.0,72,25.9,,185.76,216.00,30,16.28,BATCH-001,Unilever - Atlantic Distribition,,,,
13,,,Slice Pound Cake Chocolate,Biscuits & Cookies,,29.00,35,,35,15,,,435.00,525.00,90,20.69,BATCH-001,KAZI FARMS KITCHEN,,,,
14,,,Kitkat 4 Finger,Chocolates & Candies,,68.00,,,80.0,28,,70,1834.00,2240.00,406,22.14,BATCH-001,,,,,
15,,,Lexus - Family Pack,Biscuits & Cookies,,20.00,100.0,,25.0,70,,,1400.00,1750.00,350,25.00,BATCH-001,Olympic Industries Limited,,,,
16,,,Nivea Fresh Natural Roll On - 50ml,Personal Care,,195.00,,220.0,220.0,1,,,195.00,220.00,25,12.82,BATCH-001,,,,,
13,,,Sunsilk Shampoo Black Shine 330ml,Personal Care,Shampoo 330ml,307.13,350.0,350.00 - 410.00,350.0,2,84.0,,614.26,700.00,86,13.96,BATCH-001,Unilever - Atlantic Distribition,,,,
14,,,Radhuni Dhoniya Gura 50gm,Spices ,50gm,27.50,32,,32,12,,,330.00,384.00,54,16.36,BATCH-001,,,,,
15,,,Bellame Peanut Bite Cookies 240g,Biscuits & Cookies,,58.00,70.0,,70.0,3,,,174.00,210.00,36,20.69,BATCH-001,DIPLOMA - NEXT ASSOCIATES,,,,
16,,,Haiko Bit Salt Powder - 80g,Spices ,,45.00,,55.0,55.0,2,,,90.00,110.00,20,22.22,BATCH-001,,,,,
17,,,Volt Pencil Battery UM-4,Electronics,,24.00,30.0,,30.0,25,,,600.00,750.00,150,25.00,BATCH-001,Olympic Industries Limited,,,,
18,,,Safe Touch 0034 4Port 5m Cable Multiplug Heavy Duty White,Electronics,,195.00,,220.0,220.0,2,,,390.00,440.00,50,12.82,BATCH-001,,,,,
14,,,Sunsilk Hairfall Solution 170ml,Personal Care,Shampoo 170ml,158.14,180.0,180.00 - 220.00,180.0,3,64.8,,474.42,540.00,66,13.82,BATCH-001,Unilever - Atlantic Distribition,,,,
15,,,Paijam Atob 25KG (Boiled),Rice & Grain,25KG Bag,58.00,1725.0,,70.0,50,,,2900.00,3500.00,600,20.69,BATCH-001,Mim Enterprise (Pahartali),,,,
16,,,Domex 750ml,Cleaning Supply,Dishwashing Liquid 750ml,149.84,175.0,#REF!,165.0,6,118.8,90,809.04,990.00,181,22.37,BATCH-001,Unilever - Atlantic Distribition,,,,
17,,,Tresemme Shampoo Color Revitalized 580ml,Personal Care,Shampoo 580ml,602.50,700.0,,680.0,1,81.6,,602.50,680.00,78,12.86,BATCH-001,Unilever - Atlantic Distribition,,,,
15,,,Sunsilk Black Shine 170ml,Personal Care,Shampoo 170ml,158.14,180.0,,180.0,3,64.8,,474.42,540.00,66,13.82,BATCH-001,Unilever - Atlantic Distribition,,,,
16,,,Radhuni Vinegar 540ml,Oil,540ml,58.00,70,,70,6,,,348.00,420.00,72,20.69,BATCH-001,,,,,
17,,,Clear Shampoo Cool Sport Menthol 5ml,Personal Care,Shampoo 5ml,4.29,5.0,,5.0,72,43.2,15,294.12,360.00,66,22.40,BATCH-001,Unilever - Atlantic Distribition,,,,
18,,,Tresemme Shampoo Keratin Smooth 185ml,Personal Care,Shampoo 185ml,298.58,350.0,,340.0,1,40.8,,298.58,340.00,41,13.87,BATCH-001,Unilever - Atlantic Distribition,,,,
16,,,Sunsilk Hijab Refresh 340ml,Personal Care,Shampoo 340ml,364.24,420.0,,415.0,2,99.6,,728.48,830.00,102,13.94,BATCH-001,Unilever - Atlantic Distribition,,,,
17,,,Tresemme Keratin 190ml,Personal Care,Conditioner 190ml,256.00,320.0,,310.0,1,37.2,,256.00,310.00,54,21.09,BATCH-001,Unilever - Atlantic Distribition,,,,
18,,,Dano Daily Pusti 200g,Dairy & Eggs,,150.00,180.0,,180.0,5,110.3,15,735.00,900.00,165,22.45,BATCH-001,DANO - ISLAM TRADING,,,,
17,,,Sunsilk Shampoo Thick & Long 340ml,Personal Care,Shampoo 340ml,307.13,350.0,,345.0,2,82.8,,614.26,690.00,76,12.33,BATCH-001,Unilever - Atlantic Distribition,,,,
18,,,Jirashail 25KG (Bashir),Rice & Grain,25KG Bag,72.00,2025.0,,82.0,50,,,3600.00,4100.00,500,13.89,BATCH-001,Mim Enterprise (Pahartali),,,,
19,,,Ponds White Beauty 50g,Personal Care,Facewash 50g,90.75,120.0,,110.0,1,13.2,,90.75,110.00,19,21.21,BATCH-001,Unilever - Atlantic Distribition,,,,
20,,,Lifebouy Health Care 150g,Personal Care,Soap 150g,73.46,90.0,#REF!,90.0,24,259.2,,1763.04,2160.00,397,22.52,BATCH-001,Unilever - Atlantic Distribition,,,,
18,,,Sunsilk Shampoo Thick & Long 170ml,Personal Care,Shampoo 170ml,158.14,180.0,,175.0,3,63.0,,474.42,525.00,51,10.66,BATCH-001,Unilever - Atlantic Distribition,,,,
19,,,Dove Shampoo Hairfall Rescue 170ml,Personal Care,Shampoo 170ml,171.20,200.0,,195.0,2,46.8,,342.40,390.00,48,13.90,BATCH-001,Unilever - Atlantic Distribition,,,,
20,,,Orange Biscuit - Family Pack,Biscuits & Cookies,,33.00,40.0,,40.0,6,,,198.00,240.00,42,21.21,BATCH-001,Olympic Industries Limited,,,,
21,,,Dove Cream Bar 135g,Personal Care,Soap 135g,129.98,160.0,420.00 - 495.00,150.0,6,108.0,45,734.45,900.00,166,22.54,BATCH-001,Unilever - Atlantic Distribition,,,,
19,,,Sunsilk Shampoo Black Shine 80ml,Personal Care,Shampoo 80ml,79.30,90.0,,90.0,3,32.4,,237.90,270.00,32,13.49,BATCH-001,Unilever - Atlantic Distribition,,,,
20,,,Dove Shampoo Intensive Repair 170ml,Personal Care,Shampoo 170ml,171.20,200.0,#REF!,195.0,2,46.8,,342.40,390.00,48,13.90,BATCH-001,Unilever - Atlantic Distribition,,,,
21,,,Dove Cream Pink Bar 135g,Personal Care,Soap 135g,129.98,160.0,,150.0,6,108.0,45,734.45,900.00,166,22.54,BATCH-001,Unilever - Atlantic Distribition,,,,
22,,,Dove Shampoo Nourishing Oil 170ml,Personal Care,Oil 170ml,171.20,200.0,,195.0,2,46.8,,342.40,390.00,48,13.90,BATCH-001,Unilever - Atlantic Distribition,,,,
20,,,Sunsilk Hairfall Solution 340ml,Personal Care,Shampoo 340ml,307.13,350.0,,350.0,2,84.0,,614.26,700.00,86,13.96,BATCH-001,Unilever - Atlantic Distribition,,,,
21,,,Onions - piyaj,Cooking Needs,50KG Bag,31.00,,38.0,38.0,103,,,3193.00,3914.00,721,22.58,BATCH-001,Mim Enterprise (Pahartali),,,,
21,,,Sunsilk Shampoo Onion 375ml,Personal Care,Shampoo 375ml,364.27,420.0,420.00 - 495.00,410.0,2,98.4,,728.54,820.00,91,12.55,BATCH-001,Unilever - Atlantic Distribition,,,,
22,,,Radhuni Gorur Mangsho Masala 100gm,Spices ,100gm,79.00,90,,90,3,,,237.00,270.00,33,13.92,BATCH-001,,,,,
23,,,Surf Excel 500g,Cleaning Supply,Laundry Powder 500g,108.11,120.0,,114.0,60,820.8,485,6001.60,6840.00,838,13.97,BATCH-001,Unilever - Atlantic Distribition,,,,
24,,,Rin Fabric Solution Liquid 400ml,Cleaning Supply,Laundry Liquid 400ml,100.00,120.0,,114.0,12,164.2,87,1113.00,1368.00,255,22.91,BATCH-001,Unilever - Atlantic Distribition,,,,
25,,,Close Up Menthol Fresh Toothpaste 85g,Personal Care,Toothpaste 85g,92.09,105.0,,100.0,6,72.0,20,533.04,600.00,67,12.56,BATCH-001,Unilever - Atlantic Distribition,,,,
22,,,Sunsilk Conditioner Hair Fall Solution 180ml,Personal Care,Shampoo 180ml,176.21,200.0,,200.0,3,72.0,,528.63,600.00,71,13.50,BATCH-001,Unilever - Atlantic Distribition,,,,
23,,,Surf Excel Matic Liquid Top 1L ,Cleaning Supply,Laundry Liquid 1L,333.33,400.0,,380.0,12,547.2,,3999.96,4560.00,560,14.00,BATCH-001,Unilever - Atlantic Distribition,,,,
24,,,Bashundhara Facial tissue box 120pcs,Cleaning Supply,,65.00,85.0,85.0,80.0,12,,,780.00,960.00,180,23.08,BATCH-001,,,,,
25,,,Glucose mini,Beverages,Powdered Drink,110.00,130.0,,125.0,6,90.0,,660.00,750.00,90,13.64,BATCH-001,Unilever - Atlantic Distribition,,,,
23,,,Sunsilk Shampoo Volume 375ml,Personal Care,Shampoo 375ml,364.24,420.0,,415.0,2,99.6,,728.48,830.00,102,13.94,BATCH-001,Unilever - Atlantic Distribition,,,,
24,,,Dove Shampoo Intensive Repair 330ml,Personal Care,Shampoo 330ml,376.33,440.0,#REF!,430.0,2,103.2,,752.66,860.00,107,14.26,BATCH-001,Unilever - Atlantic Distribition,,,,
25,,,Lifebouy Liquid Total 200ml,Personal Care,Handwash 200ml,105.52,120.0,#REF!,120.0,4,57.6,,422.08,480.00,58,13.72,BATCH-001,Unilever - Atlantic Distribition,,,,
26,,,Radhuni Premium Ghee 200gm,Oil,200gm,373.00,425,,425,3,,,1119.00,1275.00,156,13.94,BATCH-001,,,,,
27,,,Dove Shampoo Oxygen Moisture 330ml,Personal Care,Shampoo 330ml,376.33,440.0,,430.0,2,103.2,,752.66,860.00,107,14.26,BATCH-001,Unilever - Atlantic Distribition,,,,
24,,,Clear Shampoo Complete Active Care 5.5ml,Personal Care,Shampoo 5.5ml,3.43,4.0,,4.0,36,17.3,7,116.98,144.00,27,23.10,BATCH-001,Unilever - Atlantic Distribition,,,,
25,,,Clear Shampoo Anti Hair Fall 330ml,Personal Care,Shampoo 330ml,347.49,400.0,,390.0,2,93.6,,694.98,780.00,85,12.23,BATCH-001,Unilever - Atlantic Distribition,,,,
26,,,Lifebouy Liquid Handwash Care 200g,Personal Care,Handwash 200ml,105.52,120.0,,120.0,4,57.6,,422.08,480.00,58,13.72,BATCH-001,Unilever - Atlantic Distribition,,,,
27,,,Ponds Superlight Gel 100ml,Personal Care,,271.99,350.0,400.00 - 460.00,335.0,3,120.6,,815.97,1005.00,189,23.17,BATCH-001,Unilever - Atlantic Distribition,,,,
26,,,Clear Shampoo Complete Active Care 170ml,Personal Care,Shampoo 170ml,207.50,240.0,,230.0,3,82.8,,622.50,690.00,68,10.84,BATCH-001,Unilever - Atlantic Distribition,,,,
27,,,Clear Shampoo Complete Active Care 330ml,Personal Care,Shampoo 330ml,347.40,400.0,400.00 - 460.00,390.0,2,93.6,,694.80,780.00,85,12.26,BATCH-001,Unilever - Atlantic Distribition,,,,
28,,,Kodomo Bubble Fruit Toothpaste Gel Ultra Shield Formula (0.5 Years Up) - 40g,Baby Care,,145.00,,165.0,165.0,1,,,145.00,165.00,20,13.79,BATCH-001,,,,,
29,,,Ponds Skin Cream White Beauty 35g,Personal Care,Cream 35g,215.00,280.0,,265.0,3,95.4,,645.00,795.00,150,23.26,BATCH-001,Unilever - Atlantic Distribition,,,,
30,,,Miniket Atob (Shonko) Loose,Rice & Grain,50KG Bag,64.00,,,71.0,100,,,6400.00,7100.00,700,10.94,BATCH-001,S.M Enterprise (Pahartali) ,,,,
31,,,Marks Powder 75gm,Dairy & Eggs,75gm,71.25,80.0,,80.0,12,,,855.00,960.00,105,12.28,BATCH-001,,,,,
32,,,Transtec LED Bright 15w Pin,Electronics,,215.00,265.0,,265.0,1,,,215.00,265.00,50,23.26,BATCH-001,,,,,
33,,,Knorr Soup Chicken Corn 24g,Packaged Food,Packet Soup 24g,49.55,55.0,,55.0,12,79.2,,594.60,660.00,65,11.00,BATCH-001,Unilever - Atlantic Distribition,,,,
34,,,Dove Cream Bar 50g,Personal Care,Soap 25g,57.00,70.0,,66.5,6,47.9,20,322.08,399.00,77,23.88,BATCH-001,Unilever - Atlantic Distribition,,,,
35,,,Knorr Soup Thai 28g,Packaged Food,Packet Soup 28g,49.55,55.0,,55.0,12,79.2,,594.60,660.00,65,11.00,BATCH-001,Unilever - Atlantic Distribition,,,,
36,,,Detos Sweet Chilli Chips 30g,Snacks,,16.13,20.0,,20.0,24,,,387.12,480.00,93,23.99,BATCH-001,DIPLOMA - NEXT ASSOCIATES,,,,
37,,,Standard Horlicks Jar 18g,Beverages,Powdered Drink 18g,18.00,20.0,,20.0,36,86.4,,648.00,720.00,72,11.11,BATCH-001,Unilever - Atlantic Distribition,,,,
38,,,Surf Excel Fabric Solution Quick Wash 18g,Cleaning Supply,Laundry Soap 18g,4.50,5.0,,5.0,36,21.6,,162.00,180.00,18,11.11,BATCH-001,Unilever - Atlantic Distribition,,,,
39,,,Vim Dish Washing Bar 125g,Cleaning Supply,Dishwashing Bar 125g,13.50,15.0,,15.0,90,162.0,,1215.00,1350.00,135,11.11,BATCH-001,Unilever - Atlantic Distribition,,,,
40,,,Vim Dish Washing Powder 500g,Cleaning Supply,Dishwashing Powder 500g,45.00,50.0,,50.0,12,72.0,,540.00,600.00,60,11.11,BATCH-001,Unilever - Atlantic Distribition,,,,
41,,,Glucose 350g,Beverages,Powdered Drink 350g,117.00,135.0,,130.0,6,93.6,,702.00,780.00,78,11.11,BATCH-001,Unilever - Atlantic Distribition,,,,
42,,,Kellogs Oats 900g,Cereals,,675.00,750.0,,750.0,4,,,2700.00,3000.00,300,11.11,BATCH-001,KELLOGS - FM DISTRIBUTION,,,,
43,,,Aarong Standardized Milk 500ml,Dairy & Eggs,,45.00,50,,50,20,,,900.00,1000.00,100,11.11,BATCH-001,,,,,
44,,,Tang Orange Refill Pack 200gm,Beverages,,180.00,200,,200,3,,,540.00,600.00,60,11.11,BATCH-001,,,,,
45,,,detol bodywash ,Personal Care,,202.50,225.0,,225.0,4,,,810.00,900.00,90,11.11,BATCH-001,,,,,
46,,,Maggi Shaad-E-Magic 4g,Snacks,,4.50,,5.0,5.0,216,,,972.00,1080.00,108,11.11,BATCH-001,,,,,
47,,,Maggi Chicken Sizzling 8g,Snacks,,9.00,,10.0,10.0,24,,,216.00,240.00,24,11.11,BATCH-001,,,,,
48,,,Maggi Fried Chicken 400g,Snacks,,162.00,,180.0,180.0,4,,,648.00,720.00,72,11.11,BATCH-001,,,,,
49,,,Nescafe Americano 8g sachet,Tea & Coffee,,9.00,,10.0,10.0,24,,,216.00,240.00,24,11.11,BATCH-001,,,,,
50,,,Nescafe Hazelnut Latte,Tea & Coffee,,27.00,,30.0,30.0,12,,,324.00,360.00,36,11.11,BATCH-001,,,,,
51,,,Nescafe Classic 0.9g Sachet,Tea & Coffee,,4.50,,5.0,5.0,120,,,540.00,600.00,60,11.11,BATCH-001,,,,,
52,,,Vim Dish Washing Bar 300g,Cleaning Supply,Dishwashing Bar 300g,35.95,40.0,#REF!,40.0,72,345.6,,2588.40,2880.00,292,11.27,BATCH-001,Unilever - Atlantic Distribition,,,,
132,,,Energy Plus - Standard Pack,Biscuits & Cookies,,13.00,15.0,,15.0,24,,,312.00,360.00,48,15.38,BATCH-001,Olympic Industries Limited,,,,
133,,,Tip -Standard Pack,Biscuits & Cookies,,13.00,15.0,,15.0,24,,,312.00,360.00,48,15.38,BATCH-001,Olympic Industries Limited,,,,
134,,,Nutty - Standard Pack,Biscuits & Cookies,,13.00,15.0,,15.0,24,,,312.00,360.00,48,15.38,BATCH-001,Olympic Industries Limited,,,,
161,,,Honey Tea Bag 25g,Tea & Coffee,Tea Bag 25g,139.34,170,,165,6,99.6,6,830.04,990.00,160,19.27,BATCH-001,TAAZA - ARC DISTRIBUTION,,,,
162,,,Lipton Pure Tea 25g,Tea & Coffee,Tea Bag 25g,131.20,160,,155,6,93.7,6,781.20,930.00,149,19.05,BATCH-001,TAAZA - ARC DISTRIBUTION,,,,
163,,,Radhuni Holud Gura 50gm,Spices ,50gm,34.50,40,,38,13,,35,414.00,494.00,80,19.32,BATCH-001,,,,,
163,,,Taaza Tea Bag,Tea & Coffee,,86.37,,,95,6,61.5,6,512.22,570.00,58,11.28,BATCH-001,TAAZA - ARC DISTRIBUTION,,,,
164,,,Doodles Stick Noodles 150g ,Snacks,,17.25,20.0,,20.0,6,,3,100.50,120.00,20,19.40,BATCH-001,DIPLOMA - NEXT ASSOCIATES,,,,
165,,,Dove Shampoo Intensive Repair 330ml,Personal Care,Shampoo 330ml,376.33,440.0,,420.0,2,100.8,,752.66,840.00,87,11.60,BATCH-001,Unilever - Atlantic Distribition,,,,
164,,,Taaza 50g,Tea & Coffee,,25.75,30,,29.7,48,148.3,0,1236.00,1425.60,190,15.34,BATCH-001,TAAZA - ARC DISTRIBUTION,,,,
165,,,Transtec LED Bright 9w Pin,Electronics,,167.00,220.0,,200.0,1,,,167.00,200.00,33,19.76,BATCH-001,,,,,
166,,,Clear Shampoo Cool Sport Menthol 80ml,Personal Care,Shampoo 80ml,103.00,120.0,,115.0,3,41.4,,309.00,345.00,36,11.65,BATCH-001,Unilever - Atlantic Distribition,,,,
165,,,Taaza 100g,Tea & Coffee,,52.86,60,,60.8,24,150.3,16,1252.64,1459.20,207,16.49,BATCH-001,TAAZA - ARC DISTRIBUTION,,,,
166,,,Nutrilife Pomegranate 1L,Beverages,,292.00,,,350.0,1,,,292.00,350.00,58,19.86,BATCH-001,,,,,
167,,,Lifebouy Liquid Lemon Fresh 200ml,Personal Care,Handwash 200ml,105.52,120.0,,118.0,4,56.6,,422.08,472.00,50,11.83,BATCH-001,Unilever - Atlantic Distribition,,,,
166,,,Taaza 400g,Tea & Coffee,,220.26,250,,250,12,312.4,40,2603.12,3000.00,397,15.25,BATCH-001,TAAZA - ARC DISTRIBUTION,,,,
167,,,Oats Bar,Chocolates & Candies,,103.00,,,120.0,3,,,309.00,360.00,51,16.50,BATCH-001,,,,,
168,,,Digestive -Standard Pack,Biscuits & Cookies,,25.00,30.0,,30.0,36,,,900.00,1080.00,180,20.00,BATCH-001,Olympic Industries Limited,,,,
169,,,Tang Orange Refill Pack 500gm,Beverages,,380.00,425,,425,3,,,1140.00,1275.00,135,11.84,BATCH-001,,,,,
170,,,Radhuni Kala Bhuna 80gm,Spices ,80gm,85.00,100,,98,3,,,255.00,294.00,39,15.29,BATCH-001,,,,,
171,,,Radhuni Dhoniya Gura 100gm,Spices ,100gm,51.50,60,,60,12,,,618.00,720.00,102,16.50,BATCH-001,,,,,
167,,,Taaza 500g,Tea & Coffee,,264.32,300,,300,12,369.8,90,3081.84,3600.00,518,16.81,BATCH-001,TAAZA - ARC DISTRIBUTION,,,,
168,,,Tip - Family Pack,Biscuits & Cookies,,50.00,60.0,,60.0,8,,,400.00,480.00,80,20.00,BATCH-001,Olympic Industries Limited,,,,
169,,,Lifebouy Health Soap Total 90g,Personal Care,Soap 90g,49.15,55.0,,55.0,24,158.4,,1179.60,1320.00,140,11.90,BATCH-001,Unilever - Atlantic Distribition,,,,
170,,,Radhuni Mezbani Gorur Masala 68gm,Spices ,68gm,85.00,100,,98,5,,,425.00,490.00,65,15.29,BATCH-001,,,,,
171,,,Radhuni Panch Phoron Powder,Spices ,50gm,25.75,30,,30,13,,,334.75,390.00,55,16.50,BATCH-001,,,,,
168,,,Taaza 500g 3 star,Tea & Coffee,,220.26,250,,250,12,304,110,2533.12,3000.00,467,18.43,BATCH-001,TAAZA - ARC DISTRIBUTION,,,,
169,,,Lifebouy Health Soap Lemon Fresh 90g,Personal Care,Soap 90g,49.15,55.0,,55.0,24,158.4,,1179.60,1320.00,140,11.90,BATCH-001,Unilever - Atlantic Distribition,,,,
169,,,Godrej Good Knight Power Activ+ (Machine + Refill),Pest Control,Mosquito Killer,156.00,180,,180,3,,,468.00,540.00,72,15.38,BATCH-001,GODREJ,,,Shop Good Knight Advanced Power Active+System Pkt. at Shwapno.com,/html/body/div[4]/main/div[1]/div[2]/div[1]/div/div[1]
170,,,Radhuni Morich Gura 200gm,Spices ,200gm,121.50,140,,135,6,,34,695.00,810.00,115,16.55,BATCH-001,,,,,
171,,,Pond Daily 100g,Personal Care,Facewash 100g,135.00,170.0,,160.0,2,38.4,,270.00,320.00,50,18.52,BATCH-001,Unilever - Atlantic Distribition,,,,
172,,,Lifebouy Hand Soap Total 90g,Personal Care,Soap 90g,49.15,60.0,,55.0,9,59.4,,442.35,495.00,53,11.90,BATCH-001,Unilever - Atlantic Distribition,,,,
173,,,Doodles Instant Noodles Ramen 62g (8 Pack),Snacks,,182.00,210.0,,210.0,6,,,1092.00,1260.00,168,15.38,BATCH-001,DIPLOMA - NEXT ASSOCIATES,,,,
174,,,Dove Conditioner Intensive Repair 7ml,Personal Care,Conditioner 7ml,4.29,5.0,,5.0,36,21.6,,154.44,180.00,26,16.55,BATCH-001,Unilever - Atlantic Distribition,,,,
175,,,Dove Conditioner Hairfall Rescue 170ml,Personal Care,Conditioner 170ml,232.00,290.0,,275.0,2,66.0,,464.00,550.00,86,18.53,BATCH-001,Unilever - Atlantic Distribition,,,,
170,,,Godrej Good Knigth Bullet (Machine+Refill),Pest Control,Mosquito Killer,80.00,95,,95,3,,,240.00,285.00,45,18.75,BATCH-001,GODREJ,,,,
171,,,Eggs - White (Loose),Dairy & Eggs,,7.80,,,8.8,60,,,468.00,525.00,57,12.18,BATCH-001,,,,,
172,,,Bellame Digestive Biscuit 135g,Biscuits & Cookies,check MRP,30.50,35.0,,35.0,6,,1,182.00,210.00,28,15.38,BATCH-001,DIPLOMA - NEXT ASSOCIATES,,,,
173,,,Radhuni Morich Gura 500gm,Spices ,500gm,297.00,345,,330,3,,42,849.00,990.00,141,16.61,BATCH-001,,,,,
171,,,Goodknight Refill Liquid (45ml),Pest Control,45ml,107.00,130,,125,6,,,642.00,750.00,108,16.82,BATCH-001,GODREJ,,,,
172,,,Transtec Backup 10w Churi,Electronics,,590.00,750.0,,700.0,1,,,590.00,700.00,110,18.64,BATCH-001,,,,,
173,,,Bashundhara Facial tissue box 150pcs,Cleaning Supply,,80.00,100.0,100.0,95.0,12,,,960.00,1140.00,180,18.75,BATCH-001,,,,,
174,,,Lux Soap Velvet Touch 150g,Personal Care,Soap 150g,80.20,90.0,,90.0,9,97.2,,721.80,810.00,88,12.22,BATCH-001,Unilever - Atlantic Distribition,,,,
172,,,Godrej Red HIT (200ml),Pest Control,Aerosol 200ml,175.00,200,,200,1,,,175.00,200.00,25,14.29,BATCH-001,GODREJ,,,,
173,,,Radhuni Holud Gura 500gm,Spices ,500gm,291.00,335,,320,3,,41,832.00,960.00,128,15.38,BATCH-001,,,,,
174,,,Dove Shampoo Intensive Repair 6ml,Personal Care,Shampoo 6ml,3.43,4.0,,4.0,36,17.3,,123.48,144.00,21,16.62,BATCH-001,Unilever - Atlantic Distribition,,,,
175,,,Radhuni Murgir Masala 100gm,Spices ,100gm,81.25,95,,95,5,,,406.25,475.00,69,16.92,BATCH-001,,,,,
176,,,Ponds Light 50ml,Personal Care,Moisturizer 50ml,160.00,200.0,,190.0,3,68.4,,480.00,570.00,90,18.75,BATCH-001,Unilever - Atlantic Distribition,,,,
177,,,Seylon Cha Pata 500gm,Tea & Coffee,500gm,210.00,240.0,,240.0,4,,32,808.00,960.00,152,18.81,BATCH-001,,,,,
178,,,Lux Soap Soft Touch 150g,Personal Care,Soap 150g,80.20,90.0,,90.0,36,388.8,,2887.20,3240.00,353,12.22,BATCH-001,Unilever - Atlantic Distribition,,,,
173,,,Godrej Red Hit (400ml),Pest Control,Aerosol 400ml,310.00,360,,350,1,,,310.00,350.00,40,12.90,BATCH-001,GODREJ,,,,
174,,,Radhuni Dhoniya Gura 500gm,Spices ,500gm,210.00,240,,240,3,,,630.00,720.00,90,14.29,BATCH-001,,,,,
175,,,Dairy Milk 18gm,Chocolates & Candies,18gm,65.00,75,,75,24,,,1560.00,1800.00,240,15.38,BATCH-001,,,,,
176,,,Dove Shampoo Hairfall Rescue 6ml,Personal Care,Shampoo 6ml,3.43,4.0,,4.0,36,17.3,,123.48,144.00,21,16.62,BATCH-001,Unilever - Atlantic Distribition,,,,
177,,,Ispahani Blenders Choice Premium Black Tea - 400g,Tea & Coffee,,265.00,,310.0,310.0,1,,,265.00,310.00,45,16.98,BATCH-001,,,,,
178,,,Ponds Superlight Gel 50ml,Personal Care,,160.00,200.0,,190.0,3,68.4,,480.00,570.00,90,18.75,BATCH-001,Unilever - Atlantic Distribition,,,,
179,,,Rin Fabric Solution Power Bright 500g,Cleaning Supply,Laundry Soap 500g,80.51,95.0,#REF!,90.3,54,584.8,252,4095.16,4873.50,778,19.01,BATCH-001,Unilever - Atlantic Distribition,,,,
180,,,Lux Soap Velvet Touch 150g,Personal Care,Soap 150g,80.20,90.0,,90.0,33,356.4,,2646.60,2970.00,323,12.22,BATCH-001,Unilever - Atlantic Distribition,,,,
174,,,Godrej Black Hit (200ml),Pest Control,Aerosol 200ml,200.00,225,,225,1,,,200.00,225.00,25,12.50,BATCH-001,GODREJ,,,,
175,,,Vim Dish Washing Liquid 475ml,Cleaning Supply,Dishwashing Liquid 475ml,115.00,130.0,#REF!,130.0,24,374.4,,2760.00,3120.00,360,13.04,BATCH-001,Unilever - Atlantic Distribition,,,,
176,,,Radhuni Dhoniya Gura 15gm,Spices ,15gm,8.75,10,,10,12,,,105.00,120.00,15,14.29,BATCH-001,,,,,
177,,,⁠Starship Chocolate Milk 200ml,Beverages,200ml,26.00,30,,30,8,,,208.00,240.00,32,15.38,BATCH-001,,,,,
178,,,Radhuni Morich Gura 25gm,Spices ,25gm,17.15,20,,20,12,,,205.80,240.00,34,16.62,BATCH-001,,,,,
179,,,Nan Opti Pro 1 300g,Baby Care,,769.00,,900.0,900.0,1,,,769.00,900.00,131,17.04,BATCH-001,,,,,
180,,,Vim Dish Washing Liquid 200ml,Cleaning Supply,Dishwashing Liquid 200ml,44.23,50.0,,50.0,36,216.0,80,1512.28,1800.00,288,19.03,BATCH-001,Unilever - Atlantic Distribition,,,,
181,,,Kellogs Chocos 127g,Cereals,,160.00,180.0,,180.0,4,,,640.00,720.00,80,12.50,BATCH-001,KELLOGS - FM DISTRIBUTION,,,,
182,,,Bourbon Cookies -Classic Pack,Biscuits & Cookies,,115.00,150.0,,130.0,8,,,920.00,1040.00,120,13.04,BATCH-001,Olympic Industries Limited,,,,
183,,,Ispahani Blenders Choice Premium Black Tea - 200g,Tea & Coffee,,140.00,,160.0,160.0,1,,,140.00,160.00,20,14.29,BATCH-001,,,,,
184,,,Radhuni Jira Gura 15gm,Spices ,15gm,24.25,28,,28,12,,,291.00,336.00,45,15.46,BATCH-001,,,,,
185,,,Pulse - Mango Masala,Chocolates & Candies,1 Jar,300.00,2.0,,350.0,1,,,300.00,350.00,50,16.67,BATCH-001,Olympic Industries Limited,,,,
186,,,Dairy Milk Silk 55gm,Chocolates & Candies,55gm,205.00,240,,240,3,,,615.00,720.00,105,17.07,BATCH-001,,,,,
187,,,Energy Plus - Family Pack,Biscuits & Cookies,Check these products if Price & Quantity is matching,42.00,50.0,,50.0,9,,,378.00,450.00,72,19.05,BATCH-001,Olympic Industries Limited,,,,
175,,,Godrej Black Hit/Lime (475ml),Pest Control,Aerosol 475ml,330.00,375,,400,1,,,330.00,400.00,70,21.21,BATCH-001,GODREJ,,,,
176,,,Kellogs Oats 400g,Cereals,,320.00,360.0,,360.0,6,,,1920.00,2160.00,240,12.50,BATCH-001,KELLOGS - FM DISTRIBUTION,,,,
177,,,Radhuni Kasundi 285ml,Spices ,285ml,57.50,65,,65,3,,,172.50,195.00,23,13.04,BATCH-001,,,,,
178,,,Close Up Menthol Fresh Toothpaste 145g,Personal Care,Toothpaste 145g,136.07,155.0,,147.3,12,212.0,88,1544.84,1767.00,222,14.38,BATCH-001,Unilever - Atlantic Distribition,,,,
176,,,Godrej Soap,Personal Care,Soap,200.00,230,,230,2,,,400.00,460.00,60,15.00,BATCH-001,GODREJ,,,,
177,,,Vim Dish Washing Liquid 1L,Cleaning Supply,Dishwashing Liquid 1L,207.83,240.0,,240.0,6,172.8,,1246.98,1440.00,193,15.48,BATCH-001,Unilever - Atlantic Distribition,,,,
178,,,Kopi - Candy,Chocolates & Candies,1 Jar,300.00,2.0,,350.0,1,,,300.00,350.00,50,16.67,BATCH-001,Olympic Industries Limited,,,,
179,,,Dairy Milk Silk Fruit & Nut 55gm,Chocolates & Candies,55gm,205.00,240,,240,3,,,615.00,720.00,105,17.07,BATCH-001,,,,,
180,,,Nutty - Family Pack,Biscuits & Cookies,,42.00,50.0,,50.0,8,,,336.00,400.00,64,19.05,BATCH-001,Olympic Industries Limited,,,,
181,,,Fortune Basmati Rice 1KG,Rice & Grain,1KG Bag,330.00,,,400.0,2,,,660.00,800.00,140,21.21,BATCH-001,Rupchanda - SS Trade International,,,,
182,,,Seylon Tea Bag Pyramid 2gm,Tea & Coffee,2gm,80.00,90.0,,90.0,4,,,320.00,360.00,40,12.50,BATCH-001,,,,,
183,,,Radhuni Mangsho Masala 100gm,Spices ,100gm,84.00,95,,95,3,,,252.00,285.00,33,13.10,BATCH-001,,,,,
184,,,Radhuni Premium Ghee 100gm,Oil,100gm,201.00,230,,230,3,,,603.00,690.00,87,14.43,BATCH-001,,,,,
185,,,Radhuni Shorisha Oil 1ltr,Oil,1ml,327.00,360,,350,3,,68,913.00,1050.00,137,15.01,BATCH-001,,,,,
186,,,Radhuni Shorisha Oil 500ml,Oil,500ml,167.50,185,,180,6,,70,935.00,1080.00,145,15.51,BATCH-001,,,,,
187,,,Radhuni Morich Gura 100gm,Spices ,100gm,64.75,75,,70,13,,65,777.00,910.00,133,17.12,BATCH-001,,,,,
188,,,Milk Mary - Family Pack,Biscuits & Cookies,,42.00,50.0,,50.0,8,,,336.00,400.00,64,19.05,BATCH-001,Olympic Industries Limited,,,,
189,,,Dairy Milk Perk,Tea & Coffee,52gm,66.00,80,,80,10,,,660.00,800.00,140,21.21,BATCH-001,,,,,
177,,,Godrej Powder Hair Dye Black 3g,Personal Care,Hair Color Powder,10.83,18,,15,24,,,259.92,360.00,100,38.50,BATCH-001,GODREJ,,,,
178,,,Lux Soap Soft Touch 75g,Personal Care,Soap 90g,44.21,50.0,,50.0,54,324.0,,2387.34,2700.00,313,13.10,BATCH-001,Unilever - Atlantic Distribition,,,,
179,,,Toffeeto Chocolate,Chocolates & Candies,1 Jar,393.00,,,450.0,1,,,393.00,450.00,57,14.50,BATCH-001,Olympic Industries Limited,,,,
180,,,Nescafe Classic 200g Pouch,Tea & Coffee,,826.00,,950.0,950.0,3,,,2478.00,2850.00,372,15.01,BATCH-001,,,,,
181,,,Radhuni Kacchi Biriyani Masala 40gm,Spices ,40gm,58.00,70,,67,3,,,174.00,201.00,27,15.52,BATCH-001,,,,,
182,,,Shell & Core,Ice Cream,,25.60,,27.0,30.0,50,,,1280.00,1500.00,220,17.19,BATCH-001,,,,,
183,,,Hello Cookies - Family Pack,Biscuits & Cookies,,42.00,50.0,,50.0,8,,,336.00,400.00,64,19.05,BATCH-001,Olympic Industries Limited,,,,
178,,,Expert Shampoo Hair Color 9g,Personal Care,Hair Color,42.00,50,,50,24,,,1008.00,1200.00,192,19.05,BATCH-001,GODREJ,,,,
179,,,Mojo 250ml,Beverages,,16.50,20.0,,20.0,26,,,429.00,520.00,91,21.21,BATCH-001,,,,,
180,,,Bashundhara Restaurant Napkin,Personal Care,,44.50,,62.0,62.0,30,,,1335.00,1860.00,525,39.33,BATCH-001,,,,,
181,,,Lux Soap Velvet Touch 75g,Personal Care,Soap 75g,44.21,50.0,,50.0,54,324.0,,2387.34,2700.00,313,13.10,BATCH-001,Unilever - Atlantic Distribition,,,,
182,,,Clear Shampoo Cool Sport Menthol 330ml,Personal Care,Shampoo 330ml,425.82,500.0,#REF!,490.0,3,176.4,,1277.46,1470.00,193,15.07,BATCH-001,Unilever - Atlantic Distribition,,,,
183,,,Radhuni Korma Masala 30gm,Spices ,30gm,41.50,50,,48,3,,,124.50,144.00,20,15.66,BATCH-001,,,,,
184,,,Kodomo Toothpaste Orange Cream - 40g,Personal Care,,145.00,,160.0,170.0,1,,,145.00,170.00,25,17.24,BATCH-001,,,,,
185,,,Tastemaker - Tasting Salt,Cooking Needs,,42.00,,,50.0,12,,,504.00,600.00,96,19.05,BATCH-001,,,,,
179,,,Expert Shampoo Hair Color 5g,Personal Care,Hair Color,25.00,30,,30,24,,,600.00,720.00,120,20.00,BATCH-001,GODREJ,,,,
180,,,Mojo 500ml,Beverages,,33.00,40.0,,40.0,26,,,858.00,1040.00,182,21.21,BATCH-001,,,,,
181,,,Ata - loose,Cooking Needs,50KG Bag,35.00,,,49.0,50,,,1750.00,2450.00,700,40.00,BATCH-001,Mim Enterprise (Pahartali),,,,
182,,,Surf Excel 1000g,Cleaning Supply,Laundry Powder 1000g,211.00,233.0,#REF!,221.4,30,796.9,464,5866.00,6640.50,775,13.20,BATCH-001,Unilever - Atlantic Distribition,,,,
183,,,Radhuni Borhani Masala 50gm,Spices ,50gm,33.00,40,,38,1,,,33.00,38.00,5,15.15,BATCH-001,,,,,
184,,,Tresemme Shampoo Keratin Smooth 340ml,Personal Care,Shampoo 340ml,458.10,550.0,#REF!,530.0,1,63.6,,458.10,530.00,72,15.70,BATCH-001,Unilever - Atlantic Distribition,,,,
185,,,Dairy Milk Bubbly 46gm,Chocolates & Candies,46gm,196.00,230,,230,3,,,588.00,690.00,102,17.35,BATCH-001,,,,,
186,,,Cake 1L,Ice Cream,,420.00,,450.0,500.0,2,,,840.00,1000.00,160,19.05,BATCH-001,,,,,
187,,,Starship Milkshake Cookies 200ml,Beverages,200ml,33.00,40,,40,8,,,264.00,320.00,56,21.21,BATCH-001,,,,,
180,,,AER Room Spray ,Air Freshner,Cream,230.00,300,,295,6,,,1380.00,1770.00,390,28.26,BATCH-001,GODREJ,,,,
181,,,Real Potato Chips (American Tomato),Snacks,,14.16,,,20.0,24,,,339.84,480.00,140,41.24,BATCH-001,,,,,
182,,,Doodles Instant Noodles Masala 62g (12 Pack),Snacks,Check physicall if given,146.00,,,160.0,3,,14,424.00,480.00,56,13.21,BATCH-001,DIPLOMA - NEXT ASSOCIATES,,,,
183,,,Doodles Instant Noodles Masala 62g (8 Pack),Snacks,,223.00,250.0,,250.0,3,,18,651.00,750.00,99,15.21,BATCH-001,DIPLOMA - NEXT ASSOCIATES,,,,
184,,,Lifebouy Soap Lemon Fresh 150g,Personal Care,Soap 150g,73.46,90.0,,85.0,9,91.8,,661.14,765.00,104,15.71,BATCH-001,Unilever - Atlantic Distribition,,,,
185,,,Dairy Milk Oreo 58gm,Chocolates & Candies,58gm,196.00,230,,230,3,,,588.00,690.00,102,17.35,BATCH-001,,,,,
186,,,Freedom Sanitary Napkin Heavy Flow Wings - 16Pads,Baby Care,,165.00,,200.0,200.0,4,,,660.00,800.00,140,21.21,BATCH-001,,,,,
181,,,AER Pocket Perfume,Air Freshner,Perfume,60.00,75,,75,36,,,2160.00,2700.00,540,25.00,BATCH-001,GODREJ,,,,
182,,,Bellame Butter Toast 200g,Biscuits & Cookies,,82.00,100.0,,95.0,3,,24,222.00,285.00,63,28.38,BATCH-001,DIPLOMA - NEXT ASSOCIATES,,,,
183,,,Chicken Sticks -1,Snacks,,14.16,,,20.0,24,,,339.84,480.00,140,41.24,BATCH-001,,,,,
184,,,Lux Soap Velvet Touch 90g,Personal Care,Soap 90g,53.52,60.0,#REF!,60.0,54,388.8,29,2861.18,3240.00,379,13.24,BATCH-001,Unilever - Atlantic Distribition,,,,
185,,,Lifebouy Liquid Lemon Fresh 170ml,Personal Care,Handwash 200ml,78.80,90.0,,88.0,18,190.1,50,1368.40,1584.00,216,15.76,BATCH-001,Unilever - Atlantic Distribition,,,,
186,,,Vanilla (cup),Ice Cream,,25.56,,,30.0,36,,,920.00,1080.00,160,17.39,BATCH-001,,,,,
182,,,Godrej Magic Handwash Refill,Personal Care,Handwash Refill,25.00,30,,30,40,,,1000.00,1200.00,200,20.00,BATCH-001,GODREJ,,,,
183,,,Muffin Lata Vanilla 8g,Biscuits & Cookies,,8.00,10,,10,48,,,384.00,480.00,96,25.00,BATCH-001,KAZI FARMS KITCHEN,,,,
184,,,Vim Jumbo Size Steel Scourer - (2 Pkt Bundle),Cleaning Supply,,35.00,,45.0,45.0,2,,,70.00,90.00,20,28.57,BATCH-001,,,,,
185,,,Volt Pencil Battery UM-3,Electronics,,14.00,20.0,,20.0,60,,,840.00,1200.00,360,42.86,BATCH-001,Olympic Industries Limited,,,,
186,,,Lux Soap Soft Touch 90g,Personal Care,Soap 90g,53.52,60.0,,60.0,54,388.8,29,2861.18,3240.00,379,13.24,BATCH-001,Unilever - Atlantic Distribition,,,,
187,,,Radhuni Morich Gura 50gm,Spices ,50gm,32.75,38,,35,13,,33,393.00,455.00,62,15.78,BATCH-001,,,,,
183,,,Muffin Bread Vanilla 324g,Biscuits & Cookies,,150.00,180,,175,4,,,600.00,700.00,100,16.67,BATCH-001,KAZI FARMS KITCHEN,,,,
184,,,Chocbar,Ice Cream,,29.81,,,35.0,52,,,1550.00,1820.00,270,17.42,BATCH-001,,,,,
185,,,Kazi Toast 250g,Biscuits & Cookies,,50.00,60,,60,6,,,300.00,360.00,60,20.00,BATCH-001,KAZI FARMS KITCHEN,,,,
186,,,Muffin Lata Chocolate 8g,Biscuits & Cookies,,8.00,10,,10,48,,,384.00,480.00,96,25.00,BATCH-001,KAZI FARMS KITCHEN,,,,
187,,,Axe Musk Deodorant Body Spray - 150ml,Personal Care,,350.00,,425.0,450.0,1,,,350.00,450.00,100,28.57,BATCH-001,,,,,
188,,,Patabahar Coil - 1Pac,Pest Control,,70.00,,100.0,100.0,2,,,140.00,200.00,60,42.86,BATCH-001,,,,,
189,,,Dano Daily Pusti 500g,Dairy & Eggs,,360.00,400.0,,400.0,4,211.8,28,1412.00,1600.00,188,13.31,BATCH-001,DANO - ISLAM TRADING,,,,
190,,,Seylon Green Tea 1.5gm,Tea & Coffee,1.5gm,95.00,110.0,,110.0,4,,,380.00,440.00,60,15.79,BATCH-001,,,,,
191,,,Muffin Bread Chocolate 324g,Biscuits & Cookies,,150.00,180,,175,4,,,600.00,700.00,100,16.67,BATCH-001,KAZI FARMS KITCHEN,,,,
192,,,Slice Pound Cake Vanilla,Biscuits & Cookies,,25.00,30,,30,15,,,375.00,450.00,75,20.00,BATCH-001,KAZI FARMS KITCHEN,,,,
193,,,Muffin Lata Fruit 8g,Biscuits & Cookies,,8.00,10,,10,24,,,192.00,240.00,48,25.00,BATCH-001,KAZI FARMS KITCHEN,,,,
194,,,Poppers Corn Coconut Crackers 25g,Snacks,,16.13,20.0,,20.0,24,,15,372.12,480.00,108,28.99,BATCH-001,DIPLOMA - NEXT ASSOCIATES,,,,
195,,,Bashundhara Toilet Tissue (Gold),Personal Care,,26.00,40.0,38.0,38.0,24,,,624.00,912.00,288,46.15,BATCH-001,,,,,
196,,,Fortune Mustard Oil 250ml ,Oil,,75.00,,,85.0,2,,,150.00,170.00,20,13.33,BATCH-001,Rupchanda - SS Trade International,,,,
197,,,Dark Desire 1kg,Ice Cream,,950.00,,,1100.0,1,,,950.00,1100.00,150,15.79,BATCH-001,,,,,
198,,,Doodles Instant Noodles Ramen 62g (4 Pack),Snacks,,90.00,110.0,,105.0,12,,,1080.00,1260.00,180,16.67,BATCH-001,DIPLOMA - NEXT ASSOCIATES,,,,
199,,,Pound Cake Vanilla,Biscuits & Cookies,,100.00,120,,120,5,,,500.00,600.00,100,20.00,BATCH-001,KAZI FARMS KITCHEN,,,,
200,,,Slice Pound Cake Milk,Biscuits & Cookies,,4.00,5,,5,72,,,288.00,360.00,72,25.00,BATCH-001,KAZI FARMS KITCHEN,,,,
201,,,Bashundhara Facial tissue box 100pcs,Personal Care,,58.00,75.0,75.0,75.0,12,,,696.00,900.00,204,29.31,BATCH-001,,,,,
202,,,Moida - loose,Cooking Needs,50KG Bag,40.00,,,59.0,50,,,2000.00,2950.00,950,47.50,BATCH-001,Mim Enterprise (Pahartali),,,,
203,,,Radhuni Jira Gura 50gm,Spices ,50gm,75.00,85,,85,12,,,900.00,1020.00,120,13.33,BATCH-001,,,,,
204,,,Golden 1kg,Ice Cream,,950.00,,,1100.0,1,,,950.00,1100.00,150,15.79,BATCH-001,,,,,
205,,,Radhuni Holud Gura 200gm,Spices ,200gm,126.00,145,,140,6,,36,720.00,840.00,120,16.67,BATCH-001,,,,,
206,,,Pound Cake Chocolate,Biscuits & Cookies,,100.00,120,,120,5,,,500.00,600.00,100,20.00,BATCH-001,KAZI FARMS KITCHEN,,,,
207,,,Mini Dry Cake,Biscuits & Cookies,,8.00,10,,10,48,,,384.00,480.00,96,25.00,BATCH-001,KAZI FARMS KITCHEN,,,,
208,,,Bashundhara Hand Towel 250 Box,Personal Care,,85.00,,110.0,110.0,12,,,1020.00,1320.00,300,29.41,BATCH-001,,,,,
209,,,Bashundhara Hand Towel White 150pcs,Personal Care,,33.50,55.0,50.0,50.0,12,,,402.00,600.00,198,49.25,BATCH-001,,,,,
210,,,Radhuni Gorur Masala 25gm,Spices ,25gm,21.00,25,,22,13,,21,252.00,286.00,34,13.49,BATCH-001,,,,,
211,,,Radhuni Fried Chicken Mix 75gm,Spices ,75gm,69.00,80,,80,3,,,207.00,240.00,33,15.94,BATCH-001,,,,,
212,,,Radhuni Kabab Masala 50gm,Spices ,50gm,84.00,100,,98,3,,,252.00,294.00,42,16.67,BATCH-001,,,,,
213,,,Nutrilife Can ,Beverages,,50.00,,,60.0,4,,,200.00,240.00,40,20.00,BATCH-001,,,,,
214,,,Tomato Ketchup Small,Condiments,,76.00,100,,95,2,,,152.00,190.00,38,25.00,BATCH-001,KAZI FARMS KITCHEN,,,,
215,,,Ponds Bright Beauty 50g,Personal Care,Cream 50g,355.00,485.0,,460.0,3,165.6,,1065.00,1380.00,315,29.58,BATCH-001,Unilever - Atlantic Distribition,,,,
216,,,Chupa Chups Best of Lollipops (6Pcs Bundle) - 72g,Chocolates & Candies,,20.00,,30.0,30.0,30,,,600.00,900.00,300,50.00,BATCH-001,,,,,
217,,,Radhuni Gorom Masala Gura 15gm,Spices ,15gm,34.50,40,,40,12,,,414.00,480.00,66,15.94,BATCH-001,,,,,
218,,,Mango Melody 1L,Ice Cream,,300.00,,,350.0,2,,,600.00,700.00,100,16.67,BATCH-001,,,,,
219,,,Center Fresh Chewing Gum,Chocolates & Candies,,25.00,,,30.0,24,,,600.00,720.00,120,20.00,BATCH-001,,,,,
220,,,Dano Daily Pusti 50g,Dairy & Eggs,,40.00,50.0,,50.0,6,36.0,,240.00,300.00,60,25.00,BATCH-001,DANO - ISLAM TRADING,,,,
221,,,Fortune Mustard Oil 80ml ,Oil,,27.00,,,35.0,12,,,324.00,420.00,96,29.63,BATCH-001,Rupchanda - SS Trade International,,,,
222,,,Nimki Small,Snacks,,6.66,,,10.0,24,,,159.84,240.00,80,50.15,BATCH-001,,,,,
223,,,Radhuni Holud Gura 25gm,Spices ,25gm,17.25,20,,20,12,,,207.00,240.00,33,15.94,BATCH-001,,,,,
224,,,Vanilla (1/2 L),Ice Cream,,137.00,,,160.0,2,,,274.00,320.00,46,16.79,BATCH-001,,,,,
225,,,Radhuni Hasher Mangsho 33gm,Spices ,33gm,50.00,60,,60,2,,,100.00,120.00,20,20.00,BATCH-001,,,,,
226,,,Bellame Chocolate Fondue Cookie 176g,Biscuits & Cookies,,120.00,150.0,,150.0,3,,,360.00,450.00,90,25.00,BATCH-001,DIPLOMA - NEXT ASSOCIATES,,,,
227,,,Nutrilife Mango Juice 1L,Beverages,,227.00,,,295.0,1,,,227.00,295.00,68,29.96,BATCH-001,,,,,
228,,,Bashundhara Toilet Tissue (White),Personal Care,,18.50,30,25.0,28.0,24,,,444.00,672.00,228,51.35,BATCH-001,,,,,
229,,,Dry Cake (300g),Biscuits & Cookies,,125.00,145,,145,2,,,250.00,290.00,40,16.00,BATCH-001,KAZI FARMS KITCHEN,,,,
230,,,Strawberry (1/2 L),Ice Cream,,137.00,,,160.0,2,,,274.00,320.00,46,16.79,BATCH-001,,,,,
231,,,Radhuni Holud Gura 100gm,Spices ,100gm,65.00,75,,72,13,,65,780.00,936.00,156,20.00,BATCH-001,,,,,
232,,,Nutrilife Orange Juice 1L,Beverages,,227.00,,,295.0,2,,,454.00,590.00,136,29.96,BATCH-001,,,,,
233,,,ABC Cup Hot Gulai Chicken Flavour - 60g,Snacks,,125.00,,190.0,190.0,1,,,125.00,190.00,65,52.00,BATCH-001,,,,,
234,,,Radhuni Biriyani Masala 40gm,Spices ,40gm,50.00,60,,58,5,,,250.00,290.00,40,16.00,BATCH-001,,,,,
235,,,Chocolate (1/2 L),Ice Cream,,137.00,,,160.0,2,,,274.00,320.00,46,16.79,BATCH-001,,,,,
236,,,Radhuni Macher Masala 20gm,Spices ,20gm,15.00,18,,18,12,,,180.00,216.00,36,20.00,BATCH-001,,,,,
237,,,Transtec Backup 15w Pin,Electronics,,730.00,950.0,,950.0,1,,,730.00,950.00,220,30.14,BATCH-001,,,,,
238,,,Dairy Milk Crispello 19gm,Chocolates & Candies,19gm,52.50,80,,80,40,,,2100.00,3200.00,1100,52.38,BATCH-001,,,,,
239,,,Go & Handsome Skin Cream Men 25g,Personal Care,Cream 25g,112.00,135.0,,130.0,2,31.2,,224.00,260.00,36,16.07,BATCH-001,Unilever - Atlantic Distribition,,,,
240,,,Shell & Core,Ice Cream,,25.00,,,30.0,30,,,750.00,900.00,150,20.00,BATCH-001,,,,,
241,,,Transtec Backup 15w Churi,Electronics,,730.00,950.0,,950.0,1,,,730.00,950.00,220,30.14,BATCH-001,,,,,
242,,,Dano Sterilized Cream - 160g,Cooking Needs,,155.00,,240.0,240.0,2,,,310.00,480.00,170,54.84,BATCH-001,,,,,
243,,,Radhuni Tehari Masala 40gm,Spices ,40gm,47.33,55,,55,3,,,141.99,165.00,23,16.21,BATCH-001,,,,,
244,,,Discone,Ice Cream,,83.33,,,100.0,6,,,500.00,600.00,100,20.00,BATCH-001,,,,,
245,,,Avonee Pant Style Baby Diaper (9-14Kg) - L 48pcs,Baby Care,,845.00,,1104.0,1100.0,1,,,845.00,1100.00,255,30.18,BATCH-001,,,,,
246,,,Maxline ML-073 Multi Color Multiplug 3 Port with 3M Cable,Electronics,,180.00,,294.0,290.0,1,,,180.00,290.00,110,61.11,BATCH-001,,,,,
247,,,Doodles Stick Noodles Chicken Delight 300g,Snacks,,43.00,50.0,,50.0,6,,,258.00,300.00,42,16.28,BATCH-001,DIPLOMA - NEXT ASSOCIATES,,,,
248,,,Mentos,Chocolates & Candies,,33.33,,,40.0,24,,,799.92,960.00,160,20.01,BATCH-001,,,,,
249,,,Transtec LED Bright 18w Pin,Electronics,,265.00,355.0,,345.0,1,,,265.00,345.00,80,30.19,BATCH-001,,,,,
250,,,Mabroom Premium Dates - 500G,Snacks,,600,,1000.0,1000.0,2,,,1200.00,2000.00,800,66.67,BATCH-001,,,,,
251,,,Bellame Chocolate Digestive 135g,Biscuits & Cookies,,43.00,50.0,,50.0,6,,,258.00,300.00,42,16.28,BATCH-001,DIPLOMA - NEXT ASSOCIATES,,,,
252,,,Pound Cake Fruit,Biscuits & Cookies,,108.00,130,,130,5,,,540.00,650.00,110,20.37,BATCH-001,KAZI FARMS KITCHEN,,,,
253,,,Transtac LED Bright 18w Churi,Electronics,,265.00,355.0,,345.0,1,,,265.00,345.00,80,30.19,BATCH-001,,,,,
254,,,Nescafe Sunrise 3in1 10g,Tea & Coffee,,9.00,,15.0,15.0,24,,,216.00,360.00,144,66.67,BATCH-001,,,,,
255,,,⁠Dairy Milk Hazelnut 54gm ,Chocolates & Candies,54gm,215.00,250,,250,3,,,645.00,750.00,105,16.28,BATCH-001,,,,,
256,,,Radhuni Shorisha Oil 80ml,Oil,80ml,31.50,35,,35,13,,32,378.00,455.00,77,20.37,BATCH-001,,,,,
257,,,Transtec Mosquito Bat,Electronics,,445.00,580.0,,580.0,2,,,890.00,1160.00,270,30.34,BATCH-001,,,,,
258,,,Twinings Pure Green Tea 25 Bags - 50g,Tea & Coffee,,530.00,,900.0,900.0,1,,,530.00,900.00,370,69.81,BATCH-001,,,,,
259,,,⁠Dairy Milk Roast Almond 52gm,Chocolates & Candies,,215.00,250,,250,3,,,645.00,750.00,105,16.28,BATCH-001,,,,,
260,,,ACI Chinigura 50KG Loose,Rice & Grain,50KG Bag,137.00,,,165.0,50,,,6850.00,8250.00,1400,20.44,BATCH-001,S.M Enterprise (Pahartali) ,,,,
261,,,Bashundhara Hand Towel 250 Poly,Personal Care,,80.00,,105.0,105.0,12,,,960.00,1260.00,300,31.25,BATCH-001,,,,,
262,,,Twinings Green Tea & Ginger 20 Bags - 40g,Tea & Coffee,,530.00,,900.0,900.0,1,,,530.00,900.00,370,69.81,BATCH-001,,,,,
198,,,Kellogs Almond Corn Flakes 300g,Cereals,,530.00,580.0,,580.0,2,,,1060.00,1160.00,100,9.43,BATCH-001,KELLOGS - FM DISTRIBUTION,,,,
199,,,Vanilla 1L,Ice Cream,,258.00,,,300.0,3,,,774.00,900.00,126,16.28,BATCH-001,,,,,
200,,,Firni 1L,Ice Cream,,340.00,,,450.0,2,,,680.00,900.00,220,32.35,BATCH-001,,,,,
201,,,Twinings Green Tea Jasmine - 25 Bags,Tea & Coffee,,530.00,,900.0,900.0,1,,,530.00,900.00,370,69.81,BATCH-001,,,,,
202,,,Kellogs Corn Flakes Real Honey 300g,Cereals,,530.00,580.0,,580.0,2,,,1060.00,1160.00,100,9.43,BATCH-001,KELLOGS - FM DISTRIBUTION,,,,
203,,,Strawberry 1L,Ice Cream,,258.00,,,300.0,3,,,774.00,900.00,126,16.28,BATCH-001,,,,,
204,,,Doi 1L,Ice Cream,,340.00,,,450.0,2,,,680.00,900.00,220,32.35,BATCH-001,,,,,
205,,,Twinings Green Tea & lemon - 25 Bags,Tea & Coffee,,530.00,,900.0,900.0,1,,,530.00,900.00,370,69.81,BATCH-001,,,,,
206,,,Garlic - roshun,Cooking Needs,20KG Bag,137.00,,,150.0,20,,,2740.00,3000.00,260,9.49,BATCH-001,Mim Enterprise (Pahartali),,,,
207,,,Chocolate 1L,Ice Cream,,258.00,,,300.0,3,,,774.00,900.00,126,16.28,BATCH-001,,,,,
208,,,Basmati (Golden) Banglamoti Loose,Rice & Grain,25KG Bag,75.40,,,100.0,50,,,3770.00,5000.00,1230,32.63,BATCH-001,S.M Enterprise (Pahartali) ,,,,
209,,,Twinings Green Tea Earl Grey 20 Bags - 40g,Tea & Coffee,,530.00,,900.0,900.0,1,,,530.00,900.00,370,69.81,BATCH-001,,,,,
210,,,Wheel Fabric Solutions Clean and Fresh 200g,Cleaning Supply,Laundry Soap 200g,27.55,30.0,,28.5,72,246.2,110,1873.60,2052.00,178,9.52,BATCH-001,Unilever - Atlantic Distribition,,,,
211,,,Safe Touch 0032 5Port 5m Cable Multiplug Heavy Duty White,Electronics,,215.00,,250.0,250.0,1,,,215.00,250.00,35,16.28,BATCH-001,,,,,
212,,,Transtec LED Bright 13w Churi,Personal Care,,199.00,275.0,,265.0,1,,,199.00,265.00,66,33.17,BATCH-001,,,,,
213,,,Saf Instant Yeast - 100g,Baking Needs,,100.00,,170.0,170.0,2,,,200.00,340.00,140,70.00,BATCH-001,,,,,
214,,,Go & Handsome Facewash Men 50g,Personal Care,Facewash 50g,126.00,140.0,,138.0,2,33.1,,252.00,276.00,24,9.52,BATCH-001,Unilever - Atlantic Distribition,,,,
215,,,Pulse - Mango Masala,Chocolates & Candies,,6.00,,,8.0,75,,,450.00,600.00,150,33.33,BATCH-001,Olympic Industries Limited,,,,
216,,,Samyang Hot Chicken Flavor Carbo Ramen Noodles Cup - 80g,Snacks,,150.00,,260.0,260.0,1,,,150.00,260.00,110,73.33,BATCH-001,,,,,
217,,,Nescafe Classic 90g Jar,Tea & Coffee,,433.00,,475.0,475.0,2,,,866.00,950.00,84,9.70,BATCH-001,,,,,
218,,,Rexona Men Advanced Invisible Dry Roll On - 45ml,Personal Care,,160.00,,287.0,280.0,2,,,320.00,560.00,240,75.00,BATCH-001,,,,,
219,,,Marks Powder 500gm,Dairy & Eggs,500gm,441.00,480.0,,480.0,4,,15,1749.00,1920.00,171,9.78,BATCH-001,,,,,
220,,,MI 9se 18W Quick Charger 3.0 With Power Adapter,Electronics,,215.00,,380.0,380.0,1,,,215.00,380.00,165,76.74,BATCH-001,,,,,
221,,,Aarong Liquid Milk 1ltr,Dairy & Eggs,,91.00,100,,100,10,,,910.00,1000.00,90,9.89,BATCH-001,,,,,
222,,,Paprika Powder - 15g,Cooking Needs,,45.00,,80.0,80.0,2,,,90.00,160.00,70,77.78,BATCH-001,,,,,
223,,,Maggi Vegetable Soup 25g,Snacks,,45.50,,50.0,50.0,12,,,546.00,600.00,54,9.89,BATCH-001,,,,,
224,,,Awei Data Cable Micro USB (CL-115M),Electronics,,100.00,,180.0,180.0,2,,,200.00,360.00,160,80.00,BATCH-001,,,,,
225,,,Ispahani blenders choice premium green tea - 35g,Tea & Coffee,,100.00,,110.0,110.0,1,,,100.00,110.00,10,10.00,BATCH-001,,,,,
226,,,Safe Touch 0032 5Port 2m Cable Multiplug Heavy Duty White,Electronics,,160.00,,290.0,290.0,1,,,160.00,290.00,130,81.25,BATCH-001,,,,,
227,,,Maggi Thai Soup 35g,Snacks,,50.00,,55.0,55.0,12,,,600.00,660.00,60,10.00,BATCH-001,,,,,
208,,,Dano Daily Pusti 100g,Dairy & Eggs,,82.00,95.0,,100.0,6,73.8,,492.00,600.00,108,21.95,BATCH-001,DANO - ISLAM TRADING,,,,
209,,,Mars Fruit & Nut Chocolate - 32g,Chocolates & Candies,,120.00,,220.0,220.0,2,,,240.00,440.00,200,83.33,BATCH-001,,,,,
210,,,Maggi Corn Soup 25g,Snacks,,50.00,,55.0,55.0,12,,,600.00,660.00,60,10.00,BATCH-001,,,,,
211,,,Radhuni Chotpoti Masala 50gm ,Spices ,50gm,41.00,50,,50,5,,,205.00,250.00,45,21.95,BATCH-001,,,,,
212,,,Snickers Fruit & Nut Chocolate - 32g,Chocolates & Candies,,120.00,,220.0,220.0,2,,,240.00,440.00,200,83.33,BATCH-001,,,,,
213,,,Marks Powder 250gm,Dairy & Eggs,250gm,222.50,245.0,,245.0,4,,,890.00,980.00,90,10.11,BATCH-001,,,,,
214,,,Dairy Milk Fuse 21gm,Chocolates & Candies,21gm,43.80,85,,85,40,,,1752.00,3400.00,1648,94.06,BATCH-001,,,,,
215,,,Katari Atob 25KG (Premium),Rice & Grain,25KG Bag 2200,80.80,2200.0,,89.0,50,,,4040.00,4450.00,410,10.15,BATCH-001,Mim Enterprise (Pahartali),,,,
216,,,Maltova Baking Powder 100g,Cooking Needs,100g,40,,80,80,2,,,80.00,160.00,80,100.00,BATCH-001,,,,,
217,,,Foodie Masala Noodles 12 Pack,Packaged Food,,154.00,170.0,,170.0,8,,,1232.00,1360.00,128,10.39,BATCH-001,Olympic Industries Limited,,,,
218,,,Haiko Agar Agar - 20g,Cooking Needs,,80.00,,160,160.0,2,,,160.00,320.00,160,100.00,BATCH-001,,,,,
219,,,Maggi Fun Pack 992g,Snacks,,308.00,,340.0,340.0,6,,,1848.00,2040.00,192,10.39,BATCH-001,,,,,
220,,,Kikkoman All Purpose Seasoning Soy Sauce - 1ltr,Condiments,,100.00,,200.0,200.0,2,,,200.00,400.00,200,100.00,BATCH-001,,,,,
221,,,Wheel Fabric Solutions Laundry Soap 125g,Cleaning Supply,rice,26.55,30.0,,28.5,106,362.5,80,2734.30,3021.00,287,10.49,BATCH-001,Unilever - Atlantic Distribition,,,,
222,,,Mohammad Baking Soda - 86g,Baking Needs,,30.00,,60.0,60.0,2,,,60.00,120.00,60,100.00,BATCH-001,,,,,
223,,,Dano Power 200g,Dairy & Eggs,,190.00,205.0,,210.0,5,142.5,,950.00,1050.00,100,10.53,BATCH-001,DANO - ISLAM TRADING,,,,
224,,,Rexona Motionsense Advanced Brightening Roll On - 50ml,Personal Care,,160.00,,330.0,330.0,1,,,160.00,330.00,170,106.25,BATCH-001,,,,,
216,,,Diploma IFCMP 1kg,Dairy & Eggs,,893.00,950.0,,950.0,6,,,5358.00,5700.00,342,6.38,BATCH-001,DIPLOMA - NEXT ASSOCIATES,,,,
217,,,Radhuni Dhoniya Gura 200gm ,Spices ,200gm,95.00,110,,105,6,,,570.00,630.00,60,10.53,BATCH-001,,,,,
218,,,Dano Sterilized Cream - 170g,Dairy & Eggs,,130.00,,270.0,270.0,2,,,260.00,540.00,280,107.69,BATCH-001,,,,,
219,,,Cerelac Stage 1 Rice 350g,Baby Care,,376.00,,400.0,400.0,1,,,376.00,400.00,24,6.38,BATCH-001,,,,,
220,,,Dano Delight 500g,Dairy & Eggs,,451.00,480.0,,480.0,4,260.4,68,1736.00,1920.00,184,10.60,BATCH-001,DANO - ISLAM TRADING,,,,
221,,,Mohammad Yeast,Baking Needs,,30.00,,65.0,65.0,1,,,30.00,65.00,35,116.67,BATCH-001,,,,,
222,,,Cerelac Stage I Wheat 350g,Baby Care,,376.00,,400.0,400.0,1,,,376.00,400.00,24,6.38,BATCH-001,,,,,
223,,,Cadbury Cocoa Powder Packet - 125g,Baking Needs,,80.00,,180.0,180.0,4,,,320.00,720.00,400,125.00,BATCH-001,,,,,
224,,,Jirashail 25KG (Nobanno),Rice & Grain,25KG Bag,2020.00,,,2150.0,4,,,8080.00,8600.00,520,6.44,BATCH-001,S.M Enterprise (Pahartali) ,,,,
225,,,Movilcell M15 Fast Charging Cable TypeC 5A Output,Electronics,,65.00,,150.0,150.0,1,,,65.00,150.00,85,130.77,BATCH-001,,,,,
226,,,Standard Horlicks Jar 250g,Beverages,Powdered Drink 250g,263.01,280.0,,280.0,6,201.6,,1578.06,1680.00,102,6.46,BATCH-001,Unilever - Atlantic Distribition,,,,
227,,,Yardley London English Blossom Deodorant Roll On - 50ml,Personal Care,,250.00,,590.0,590.0,1,,,250.00,590.00,340,136.00,BATCH-001,,,,,
228,,,Cerelac Stage III Four Fruit 350g,Baby Care,,432.00,,460.0,460.0,1,,,432.00,460.00,28,6.48,BATCH-001,,,,,
229,,,Rayners Corn Flour - 400g,Baking Needs,,105.00,,280.0,280.0,2,,,210.00,560.00,350,166.67,BATCH-001,,,,,
230,,,Nan Opti Pro 2 350g,Baby Care,,863.00,,920.0,920.0,1,,,863.00,920.00,57,6.60,BATCH-001,,,,,
231,,,Baby Oats Health Paradise,Baby Care,,250.00,750.0,,720.0,4,,,1000.00,2880.00,1880,188.00,BATCH-001,,,,,
232,,,Nan Opti Pro 3 350g,Baby Care,,863.00,,920.0,920.0,1,,,863.00,920.00,57,6.60,BATCH-001,,,,,
233,,,Dove Conditioner Intensive Repair 50ml,Personal Care,free Item,1.00,24.0,,24.0,2,5.8,,2.00,48.00,46,2300.00,BATCH-001,Unilever - Atlantic Distribition,,,,
234,,,Standard Horlicks Jar 500g,Beverages,Powdered Drink 500g,467.98,500.0,,500.0,6,360.0,,2807.88,3000.00,192,6.84,BATCH-001,Unilever - Atlantic Distribition,,,,
235,,,Diploma IFCMP 500g,Dairy & Eggs,,449.00,480.0,,480.0,6,,,2694.00,2880.00,186,6.90,BATCH-001,DIPLOMA - NEXT ASSOCIATES,,,,
236,,,Jirashail (Nobanno) Loose,Rice & Grain,50KG Bag,80.40,,,86.0,50,,,4020.00,4300.00,280,6.97,BATCH-001,S.M Enterprise (Pahartali) ,,,,
237,,,Boost Standard Jar 400g,Beverages,Powdered Drink 400g,514.02,550.0,,550.0,6,396.0,,3084.12,3300.00,216,7.00,BATCH-001,Unilever - Atlantic Distribition,,,,
238,,,Maltova 400g,Beverages,Powdered Drink 400g,514.02,550.0,,550.0,6,396.0,,3084.12,3300.00,216,7.00,BATCH-001,Unilever - Atlantic Distribition,,,,
239,,,Junior Horlicks Stage II 500g,Beverages,Powdered Drink 500g,514.02,550.0,,550.0,3,198.0,,1542.06,1650.00,108,7.00,BATCH-001,Unilever - Atlantic Distribition,,,,
240,,,Junior Horlicks Stage I 500g,Beverages,Powdered Drink 500g,514.02,550.0,,550.0,3,198.0,,1542.06,1650.00,108,7.00,BATCH-001,Unilever - Atlantic Distribition,,,,
241,,,Mother Horlicks 350g,Beverages,Powdered Drink 350g,579.44,620.0,,620.0,3,223.2,,1738.32,1860.00,122,7.00,BATCH-001,Unilever - Atlantic Distribition,,,,
242,,,Horlicks Pouch 400g,Beverages,Powdered Drink 350g,327.10,350.0,#REF!,350.0,6,252.0,,1962.60,2100.00,137,7.00,BATCH-001,Unilever - Atlantic Distribition,,,,
243,,,Standard Horlicks Jar 1000g,Beverages,Powdered Drink 1000g,840.02,900.0,#REF!,900.0,6,648.0,,5040.12,5400.00,360,7.14,BATCH-001,Unilever - Atlantic Distribition,,,,
244,,,Dry Cake ,Biscuits & Cookies,,126.00,150.0,,135.0,6,,,756.00,810.00,54,7.14,BATCH-001,Olympic Industries Limited,,,,
235,,,Nazirshail (Rahman) Loose,Rice & Grain,50KG Bag,86.80,,,90.0,100,,,8680.00,9000.00,320,3.69,BATCH-001,S.M Enterprise (Pahartali) ,,,,
236,,,Nido 1+ 350g,Baby Care,,490.00,,525.0,525.0,1,,,490.00,525.00,35,7.14,BATCH-001,,,,,
237,,,Shukran Rice Atosh 50KG,Rice & Grain,50KG Bag,53.50,2675.0,,56.0,100,,,5350.00,5600.00,250,4.67,BATCH-001,Mim Enterprise (Pahartali),,,,
238,,,Kellogs Fruit Loops 285g,Cereals,,530.00,570.0,,570.0,2,,,1060.00,1140.00,80,7.55,BATCH-001,KELLOGS - FM DISTRIBUTION,,,,
239,,,Sugar,Cooking Needs,50KG Bag,99.00,,,104.0,50,,,4950.00,5200.00,250,5.05,BATCH-001,Mim Enterprise (Pahartali),,,,
240,,,Kellogs Chocos Fills Centred Pillow 250g,Cereals,,530.00,570.0,,570.0,2,,,1060.00,1140.00,80,7.55,BATCH-001,KELLOGS - FM DISTRIBUTION,,,,
241,,,Katari C 25KG (Nobanno),Rice & Grain,25KG Bag,2070.00,,,2175.0,4,,,8280.00,8700.00,420,5.07,BATCH-001,S.M Enterprise (Pahartali) ,,,,
242,,,Nido Fortigo 350g ,Baby Care,,418.00,,430.0,450.0,3,,,1254.00,1350.00,96,7.66,BATCH-001,,,,,
243,,,Chona Boot,Cooking Needs,25KG Bag,76.00,,,79.0,25,,,1900.00,1975.00,75,3.95,BATCH-001,Mim Enterprise (Pahartali),,,,
244,,,Nazirshail 25KG (Rupchanda),Rice & Grain,25KG Bag,2040.00,,,2200.0,2,,,4080.00,4400.00,320,7.84,BATCH-001,S.M Enterprise (Pahartali) ,,,,
245,,,Fortune Rice Bran Oil 2L,Oil,2L,434.00,,,458.0,2,,,868.00,916.00,48,5.53,BATCH-001,Rupchanda - SS Trade International,,,,
246,,,Lifebouy Liquid Lemon Fresh 170ml,Personal Care,Liquid Soap 170ml,78.80,90.0,,85.0,4,40.8,,315.20,340.00,25,7.87,BATCH-001,Unilever - Atlantic Distribition,,,,
247,,,Surf Excel 180g,Cleaning Supply,Laundry Powder 180g,45.00,50.0,,49.0,12,70.6,,540.00,588.00,48,8.89,BATCH-001,Unilever - Atlantic Distribition,,,,
248,,,Diploma IFCMP 200g,Dairy & Eggs,,190.00,205.0,,205.0,6,,,1140.00,1230.00,90,7.89,BATCH-001,DIPLOMA - NEXT ASSOCIATES,,,,
249,,,Katari C (Nobanno) Loose,Rice & Grain,50KG Bag,82.40,,,87.0,50,,,4120.00,4350.00,230,5.58,BATCH-001,S.M Enterprise (Pahartali) ,,,,
250,,,Miniket C (Nouka) Loose,Rice & Grain,50KG Bag,52.80,,,57.0,50,,,2640.00,2850.00,210,7.95,BATCH-001,S.M Enterprise (Pahartali) ,,,,
251,,,Lactogen 1350g ,Baby Care,,615.00,,650.0,650.0,1,,,615.00,650.00,35,5.69,BATCH-001,,,,,
252,,,Ispahani Mirzapore Tea Bag - 50p,Tea & Coffee,,88.00,,95.0,95.0,2,,,176.00,190.00,14,7.95,BATCH-001,,,,,
253,,,Foster Clarks Baking Powder - 225gm,Baking Needs,,340.00,,360.0,360.0,1,,,340.00,360.00,20,5.88,BATCH-001,,,,,
254,,,Knock Chocolate Cream,Chocolates & Candies,1 Carton,741.00,15.0,,800.0,1,,,741.00,800.00,59,7.96,BATCH-001,Olympic Industries Limited,,,,
255,,,Lactogen 2 350g,Baby Care,,642.00,,670.0,680.0,1,,,642.00,680.00,38,5.92,BATCH-001,,,,,
256,,,Knock Milk Cream,Chocolates & Candies,1 Carton,741.00,15.0,,800.0,1,,,741.00,800.00,59,7.96,BATCH-001,Olympic Industries Limited,,,,
257,,,Lactogen 3 350g,Baby Care,,642.00,,670.0,680.0,1,,,642.00,680.00,38,5.92,BATCH-001,,,,,
258,,,Knock Strawberry Cream,Chocolates & Candies,1 Carton,741.00,15.0,,800.0,1,,,741.00,800.00,59,7.96,BATCH-001,Olympic Industries Limited,,,,
259,,,Cerelac Stage IV Chicken 350g,Baby Care,,453.00,,480.0,480.0,1,,,453.00,480.00,27,5.96,BATCH-001,,,,,
260,,,Dano Delight 200g,Dairy & Eggs,,185.00,205.0,,200.0,5,138.8,,925.00,1000.00,75,8.11,BATCH-001,DANO - ISLAM TRADING,,,,
261,,,Cerelace Stage 1 Three Fruits 350g,Baby Care,,396.00,,420.0,420.0,1,,,396.00,420.00,24,6.06,BATCH-001,,,,,
262,,,Nescafe Classic 180g Jar,Tea & Coffee,,897.00,,970.0,970.0,2,,,1794.00,1940.00,146,8.14,BATCH-001,,,,,
263,,,Nescafe Classic 45g Jar,Tea & Coffee,,254.00,,275.0,275.0,3,,,762.00,825.00,63,8.27,BATCH-001,,,,,
249,,,Potatoes - alu,Cooking Needs,60KG Bag,13.50,,18.0,18.0,120,,,1620.00,2160.00,540,33.33,BATCH-001,Mim Enterprise (Pahartali),,,,
250,,,Kellogs Chocos 250g,Cereals,,360.00,390.0,,390.0,3,,,1080.00,1170.00,90,8.33,BATCH-001,KELLOGS - FM DISTRIBUTION,,,,
251,,,Nimki Big,Snacks,,45.00,,,60.0,6,,,270.00,360.00,90,33.33,BATCH-001,,,,,
252,,,Marks Powder 1000gm,Dairy & Eggs,1000gm,877.00,950.0,,945.0,3,,20,2611.00,2835.00,224,8.58,BATCH-001,,,,,
253,,,Bashundhara Pocket Tissue Wallet (Per Hanger),Personal Care,,7.50,10.0,,10.0,24,,,180.00,240.00,60,33.33,BATCH-001,,,,,
254,,,Dano Power 500g,Dairy & Eggs,,447.00,480.0,,480.0,4,265.2,20,1768.00,1920.00,152,8.60,BATCH-001,DANO - ISLAM TRADING,,,,
255,,,Coffee Bite Jar,Tea & Coffee,,225.00,300,,300,1,,,225.00,300.00,75,33.33,BATCH-001,,,,,
256,,,Radhuni Shorisha Oil 250ml,Oil,250ml,86.00,95,,90,6,,19,497.00,540.00,43,8.65,BATCH-001,,,,,
257,,,Regard Keora Water (Glass) - 200ml,Cooking Needs,,30.00,,,40.0,2,,,60.00,80.00,20,33.33,BATCH-001,,,,,
258,,,Kellogs Muesli Crunchy Fruit & Nut 500g,Cereals,,920.00,1000.0,,1000.0,2,,,1840.00,2000.00,160,8.70,BATCH-001,KELLOGS - FM DISTRIBUTION,,,,
259,,,Rangdhanu Mixed Herbs - 30g (Exp01.23),Spices ,,60.00,,120.0,80.0,1,,,60.00,80.00,20,33.33,BATCH-001,,,,,
260,,,Miniket Atob 25KG (Shonko),Rice & Grain,25KG Bag,1610.00,,,1750.0,8,,,12880.00,14000.00,1120,8.70,BATCH-001,S.M Enterprise (Pahartali) ,,,,
261,,,Bellame Choco Little Cookies 240g,Biscuits & Cookies,,92.00,110.0,,110.0,3,,30,246.00,330.00,84,34.15,BATCH-001,DIPLOMA - NEXT ASSOCIATES,,,,
262,,,Lifebouy Health Soap Lemon Fresh 150g,Personal Care,Soap 150g,73.46,80.0,,80.0,24,230.4,,1763.04,1920.00,157,8.90,BATCH-001,Unilever - Atlantic Distribition,,,,
263,,,Detos Nacho Cheese Chips 30g,Snacks,,16.13,20.0,,20.0,24,,30,357.12,480.00,123,34.41,BATCH-001,DIPLOMA - NEXT ASSOCIATES,,,,
264,,,Lifebouy Health Soap Total 150g,Personal Care,Soap 150g,73.46,80.0,,80.0,24,230.4,,1763.04,1920.00,157,8.90,BATCH-001,Unilever - Atlantic Distribition,,,,
265,,,Go & Handsome Skin Cream Men 50g,Personal Care,Cream 50g,92.89,130.0,,125.0,2,30.0,,185.78,250.00,64,34.57,BATCH-001,Unilever - Atlantic Distribition,,,,
266,,,Rin Power White 200g,Cleaning Supply,Laundry Soap 200g,36.67,40.0,,40.0,6,28.8,,220.02,240.00,20,9.08,BATCH-001,Unilever - Atlantic Distribition,,,,
267,,,Motor Daal,Rice & Grain,50KG Bag,52.00,,,70.0,50,,,2600.00,3500.00,900,34.62,BATCH-001,Mim Enterprise (Pahartali),,,,
268,,,Fortune Mustard Oil 5L,Oil,,1100.00,,,1200.0,1,,,1100.00,1200.00,100,9.09,BATCH-001,Rupchanda - SS Trade International,,,,
269,,,Safari,Chocolates & Candies,,16.90,25.0,,23.0,32,,,540.80,736.00,195,36.09,BATCH-001,,,,,
270,,,Nutrilife Cranberry 1L,Beverages,,330.00,,,360.0,1,,,330.00,360.00,30,9.09,BATCH-001,,,,,
271,,,Bashundhara Paper Napkin 100 sheets,Personal Care,,55.00,,75.0,75.0,30,,,1650.00,2250.00,600,36.36,BATCH-001,,,,,
272,,,Aril Chewing Gum Box 75pcs,Chocolates & Candies,,1.46,2,,2,75,,,109.50,150.00,41,36.99,BATCH-001,,,,,
273,,,Kitkat 3 Finger,Chocolates & Candies,,52.00,,,65.0,21,,100,992.00,1365.00,373,37.60,BATCH-001,,,,,
274,,,Ginger - ada,Cooking Needs,20KG Bag,105.00,,,145.0,20,,,2100.00,2900.00,800,38.10,BATCH-001,Mim Enterprise (Pahartali),,,,
275,,,Dairy Milk 40gm,Chocolates & Candies,40gm,108.33,150,,150,24,,,2600.00,3600.00,1000,38.46,BATCH-001,,,,,
266,,,Rupchanda Soyabean Oil 1L,Oil,1L,189.00,,,195.0,16,,,3024.00,3120.00,96,3.17,BATCH-001,Rupchanda - SS Trade International,,,,
267,,,Nido Family Choice 500g Pouch,Baby Care,,463.00,,480.0,490.0,3,,,1389.00,1470.00,81,5.83,BATCH-001,,,,,
278,,,Kitkat 1 Finger,Chocolates & Candies,,24.00,,,30.0,42,,,1008.00,1260.00,252,25.00,BATCH-001,,,,,
279,,,Taaqa Juice,Beverages,,24.00,,,30.0,60,,,1440.00,1800.00,360,25.00,BATCH-001,,,,,
280,,,Nutrilife Mango Juice 160ML,Beverages,,36.00,,,45.0,6,,,216.00,270.00,54,25.00,BATCH-001,,,,,
281,,,Nutrilife Orange Juice 160ML ,Beverages,,36.00,,,45.0,6,,,216.00,270.00,54,25.00,BATCH-001,,,,,
282,,,Marks Powder 8gm,Dairy & Eggs,8gm,8.00,10.0,,10.0,12,,,96.00,120.00,24,25.00,BATCH-001,,,,,
283,,,⁠Aril Assorted Lollipop,Chocolates & Candies,,4.00,5,,5,72,,,288.00,360.00,72,25.00,BATCH-001,,,,,
284,,,Pampers Sensitive Fragrance Free Baby Wipes - 52 Pieces,Baby Care,,400.00,,,500.0,2,,,800.00,1000.00,200,25.00,BATCH-001,,,,,
285,,,Nescafe 3in1 14g sachet,Tea & Coffee,,13.00,,15.0,15.0,36,,36,432.00,540.00,108,25.00,BATCH-001,,,,,
286,,,Maggi 496g (Masala Flavour),Snacks,,159.00,,200.0,200.0,6,,,954.00,1200.00,246,25.79,BATCH-001,,,,,
287,,,Lentils - Masur Daal,Rice & Grain,50KG Bag,79.00,,,100.0,50,,,3950.00,5000.00,1050,26.58,BATCH-001,Mim Enterprise (Pahartali),,,,
288,,,Salt,Cooking Needs,50KG Bag,31.60,,,40.0,50,,,1580.00,2000.00,420,26.58,BATCH-001,Mim Enterprise (Pahartali),,,,
289,,,Vanilla 1kg,Ice Cream,,237.00,,,300.0,2,,,474.00,600.00,126,26.58,BATCH-001,,,,,
290,,,Pond Oil Control 50g,Personal Care,Facewash 50g,75.02,100.0,,95.0,1,11.4,,75.02,95.00,20,26.63,BATCH-001,Unilever - Atlantic Distribition,,,,
291,,,Go & Handsome Facewash Men 100g,Personal Care,Facewash 100g,146.09,190.0,,185.0,2,44.4,,292.18,370.00,78,26.63,BATCH-001,Unilever - Atlantic Distribition,,,,
292,,,Samyang Extreme Hot Chicken Ramen Noodles Cup - 70g,Snacks,,150.00,,190.0,190.0,2,,,300.00,380.00,80,26.67,BATCH-001,,,,,
293,,,Bashundhara Kitchen Towel ,Cleaning Supply,,63.00,,80.0,80.0,6,,,378.00,480.00,102,26.98,BATCH-001,,,,,
294,,,Meridian Chicken Chips,Snacks,,17.00,,,20.0,24,,,408.00,480.00,72,17.65,BATCH-001,,,,,
295,,,Transtec Backup 10w Pin,Electronics,,590.00,750.0,,750.0,1,,,590.00,750.00,160,27.12,BATCH-001,,,,,
296,,,Meridian Shrimp Chips,Snacks,,17.00,,,20.0,24,,,408.00,480.00,72,17.65,BATCH-001,,,,,
297,,,Ponds White Beauty 100g,Personal Care,Facewash 100g,157.00,210.0,#REF!,200.0,2,48.0,,314.00,400.00,86,27.39,BATCH-001,Unilever - Atlantic Distribition,,,,
298,,,Ponds Oil Control 100g,Personal Care,Facewash 100g,157.00,210.0,,200.0,2,48.0,,314.00,400.00,86,27.39,BATCH-001,Unilever - Atlantic Distribition,,,,
299,,,Radhuni Murgi Mangsho 20gm,Spices ,20gm,17.00,20,,20,13,,17,204.00,260.00,56,27.45,BATCH-001,,,,,
300,,,Domex 500ml,Cleaning Supply,Dishwashing Liquid 500ml,113.00,130.0,,125.0,6,90.0,90,588.00,750.00,162,27.55,BATCH-001,Unilever - Atlantic Distribition,,,,
300,,,Eggs - Red (Loose),Dairy & Eggs,,8.50,,,8.8,210,,,1785.00,1837.50,53,2.94,BATCH-001,,,,,
302,,,Maggi 4ps,Snacks,,,,,,3,,,0.00,0.00,0,,BATCH-001,,,,,
303,,,Maggi 8ps,Snacks,,,,,,3,,,0.00,0.00,0,,BATCH-001,,,,,
304,,,Magi 12ps,Snacks,,,,,,3,,,0.00,0.00,0,,BATCH-001,,,,,
305,,,Radhuni BBQ Masala 50gm,Spices ,50gm,68.00,80,,80,2,,,136.00,160.00,24,17.65,BATCH-001,,,,,
306,,,Radhuni Chicken Tandoori 50gm,Spices ,50gm,68.00,80,,80,3,,,204.00,240.00,36,17.65,BATCH-001,,,,,
307,,,Marks Powder 15gm,Dairy & Eggs,15gm,12.75,15.0,,15.0,12,,,153.00,180.00,27,17.65,BATCH-001,,,,,
308,,,AMA 3 in 1 Coffee Mix 14gm,Tea & Coffee,14gm,8.50,10.0,,10.0,24,,,204.00,240.00,36,17.65,BATCH-001,,,,,
309,,,Seylon Cha Pata 250gm,Tea & Coffee,250gm,110.00,125.0,,125.0,4,,15,425.00,500.00,75,17.65,BATCH-001,,,,,
310,,,Lolly (lemon),Ice Cream,,17.00,,,20.0,30,,,510.00,600.00,90,17.65,BATCH-001,,,,,
311,,,Chocolate Cone,Ice Cream,,51.00,,,60.0,16,,,816.00,960.00,144,17.65,BATCH-001,,,,,
312,,,Lolly (orange),Ice Cream,,17.00,,,20.0,100,,,1700.00,2000.00,300,17.65,BATCH-001,,,,,
313,,,Macho,Ice Cream,,42.50,,45.0,50.0,32,,,1360.00,1600.00,240,17.65,BATCH-001,,,,,
314,,,French Vanilla 1L,Ice Cream,,425.00,465.0,465.0,500.0,2,,,850.00,1000.00,150,17.65,BATCH-001,,,,,
315,,,Nescafe Creamy Latte 18g Sachet,Tea & Coffee,,17.00,,20.0,20.0,24,,,408.00,480.00,72,17.65,BATCH-001,,,,,
316,,,Nestea Ice Tea 18g,Tea & Coffee,,17.00,,20.0,20.0,12,,,204.00,240.00,36,17.65,BATCH-001,,,,,
317,,,Radhuni Panch Phoron 50gm,Spices ,50gm,25.75,30,,28,13,,26,309.00,364.00,55,17.80,BATCH-001,,,,,
318,,,Dove Cream Bar 90g,Personal Care,Soap 90g,99.01,120.0,,110.0,6,79.2,35,559.45,660.00,101,17.97,BATCH-001,Unilever - Atlantic Distribition,,,,
319,,,Dove Cream Pink Bar 90g,Personal Care,Soap 25g,99.01,120.0,,110.0,6,79.2,35,559.45,660.00,101,17.97,BATCH-001,Unilever - Atlantic Distribition,,,,
320,,,Crunchybar,Ice Cream,,42.36,,,50.0,22,,,932.00,1100.00,168,18.03,BATCH-001,,,,,
321,,,Ponds Daily 50g,Personal Care,Facewash,72.00,90.0,,85.0,1,10.2,,72.00,85.00,13,18.06,BATCH-001,Unilever - Atlantic Distribition,,,,
322,,,Jirashail 25KG (Nobanno),Rice & Grain,25KG Bag 2150,72.80,2150.0,,86.0,50,,,3640.00,4300.00,660,18.13,BATCH-001,Mim Enterprise (Pahartali),,,,
323,,,Radhuni Roast Masala 35gm,Spices ,35gm,55.00,65,,65,5,,,275.00,325.00,50,18.18,BATCH-001,,,,,
324,,,Fortune Mustard Oil 1L,Oil,,296.00,,,350.0,3,,,888.00,1050.00,162,18.24,BATCH-001,Rupchanda - SS Trade International,,,,
325,,,Rupchanda Chinigura Rice 1KG,Rice & Grain,1KG Bag,148.00,,,175.0,10,,,1480.00,1750.00,270,18.24,BATCH-001,Rupchanda - SS Trade International,,,,
326,,,Rin Powder Power Bright 1kg,Cleaning Supply,Laundry Soap 1kg,165.25,195.0,#REF!,185.3,30,666.9,259,4698.18,5557.50,859,18.29,BATCH-001,Unilever - Atlantic Distribition,,,,
327,,,Radhuni Gorom Masala 40gm,Spices ,40gm,83.00,95,,90,24,,166,1826.00,2160.00,334,18.29,BATCH-001,,,,,
328,,,Firni (cup),Ice Cream,,59.17,70.0,,70.0,24,,,1420.00,1680.00,260,18.31,BATCH-001,,,,,
329,,,Sneakers ,Chocolates & Candies,,105.60,130.0,,125.0,25,,,2640.00,3125.00,485,18.37,BATCH-001,,,,,
330,,,Lifebouy Liquid Care 170ml,Personal Care,Handwash 170ml,78.80,90.0,,90.0,18,194.4,50,1368.40,1620.00,252,18.39,BATCH-001,Unilever - Atlantic Distribition,,,,
331,,,Nazirshail 25KG (Rahman),Rice & Grain,25KG Bag 2225,76.00,2225.0,,90.0,50,,,3800.00,4500.00,700,18.42,BATCH-001,Mim Enterprise (Pahartali),,,,
332,,,Dairy Milk 10RS,Chocolates & Candies,11gm,38.00,45,,45,24,,,912.00,1080.00,168,18.42,BATCH-001,,,,,
333,,,AMA Classic Coffee 1gm,Chocolates & Candies,1gm,76.00,90.0,,90.0,3,,,228.00,270.00,42,18.42,BATCH-001,,,,,
502,,,Nido 3+ 350g BiB ,Baby Care,,490.00,,520.0,520.0,1,63.9,,490.00,520.00,30,6.12,BATCH-001,,,,,
503,,,Cerelac Stage V Multifruit 350g,Baby Care,,494.00,,525.0,525.0,1,,,494.00,525.00,31,6.28,BATCH-001,,,,,
504,,,Cerelac Stage II Apply Cherry 350g,Baby Care,,414.00,,440.0,440.0,1,,,414.00,440.00,26,6.28,BATCH-001,,,,,
505,,,Cerelac Stage II Chicken Scoop 350g,Baby Care,,414.00,,440.0,440.0,1,,,414.00,440.00,26,6.28,BATCH-001,,,,,
506,,,Katari Atob 25KG (Rahman),Rice & Grain,25KG Bag,2175.00,,,2200.0,8,,,17400.00,17600.00,200,1.15,BATCH-001,S.M Enterprise (Pahartali) ,,,,
507,,,Rupchanda Soyabean Oil 2L,Oil,2L,384.00,,,390.0,9,,,3456.00,3510.00,54,1.56,BATCH-001,Rupchanda - SS Trade International,,,,
508,,,Rupchanda Soyabean Oil 5L,Oil,5L,940.00,,,955.0,8,,,7520.00,7640.00,120,1.60,BATCH-001,Rupchanda - SS Trade International,,,,
509,,,Nazirshail 25KG (Rahman),Rice & Grain,25KG Bag,2180.00,,,2225.0,8,,,17440.00,17800.00,360,2.06,BATCH-001,S.M Enterprise (Pahartali) ,,,,
510,,,Fortune Rice Bran Oil 5L,Oil,5L,1095.00,,,1120.0,2,,,2190.00,2240.00,50,2.28,BATCH-001,Rupchanda - SS Trade International,,,,
511,,,Katari Atob (Rahman) Loose,Rice & Grain,50KG Bag,86.60,,,89.0,100,,,8660.00,8900.00,240,2.77,BATCH-001,S.M Enterprise (Pahartali) ,,,,
,,,,,,,,,,,,,#REF!,#REF!,#REF!,#REF!,BATCH-001,,,,,