,SKU,Barcode,Item Name,Category,Description,Cost,MRP,Price,Initial Stock Qty,Tax Paid,Discount,Total Cost,Total Price,Total Profit,Batch Code,Supplier,Expiry Date (YYYY-MM-DD),Image URL
1,,,Pepsodent Advanced Salt 70g,Personal Care,Toothpaste 70g,78.67,,90.0,6,54.6,52,419.92,540.00,120,BATCH-001,Unilever - Atlantic Distribition,,
2,,,Pepsodent Advanced Salt 140g,Personal Care,Toothpaste 140g,140.47,,160.0,6,97.5,93,749.78,960.00,210,BATCH-001,Unilever - Atlantic Distribition,,
3,,,Pepsodent Germicheck 85g,Personal Care,Toothpaste 80g,83.03,,95.0,12,125.0,35,961.36,1140.00,179,BATCH-001,Unilever - Atlantic Distribition,,
4,,,Pepsodent Sensitive Expert 140,Personal Care,Toothpaste 140g,183.33,,220.0,2,42.8,37,329.21,440.00,111,BATCH-001,Unilever - Atlantic Distribition,,
5,,,Pepsodent Germicheck 40g,Personal Care,Toothpaste 40g,43.75,,50.0,12,68.3,,525.00,600.00,75,BATCH-001,Unilever - Atlantic Distribition,,
6,,,Pepsodent Sensitive Gum Care 140g,Personal Care,Toothpaste 140g,208.33,,240.0,2,48.6,43,374.11,480.00,106,BATCH-001,Unilever - Atlantic Distribition,,
7,,,Pepsodent Germicheck 190g,Personal Care,Toothpaste 190g,149.24,,170.0,13,265.2,125,1815.12,2210.00,395,BATCH-001,Unilever - Atlantic Distribition,,
8,,,Pepsodent Sensitive Expert Fresh 15g,Personal Care,Toothpaste 15g,10.65,,15.0,13,23.4,138,0.00,195.00,195,BATCH-001,Unilever - Atlantic Distribition,,
9,,,Sunsilk Shampoo Hair Fall Solution,Personal Care,Shampoo 5.25ml,2.58,,5.0,36,21.6,4,88.50,180.00,92,BATCH-001,Unilever - Atlantic Distribition,,
10,,,Sunsilk Shampoo Thick & Long 5.25,Personal Care,Shampoo 5.25ml,2.58,,5.0,36,21.6,4,88.50,180.00,92,BATCH-001,Unilever - Atlantic Distribition,,
11,,,Sunsilk Conditioner Hair Fall Solution 8ml,Personal Care,Conditioner 8ml,3.5,,5.0,36,21.6,7,119.50,180.00,61,BATCH-001,Unilever - Atlantic Distribition,,
12,,,Sunsilk Shampoo Black Shine 5.25ml,Personal Care,Shampoo 5.25ml,2.58,,5.0,72,43.2,,185.76,360.00,174,BATCH-001,Unilever - Atlantic Distribition,,
13,,,Sunsilk Shampoo Black Shine 330ml,Personal Care,Shampoo 330ml,307.13,,355.0,2,85.2,,614.26,710.00,96,BATCH-001,Unilever - Atlantic Distribition,,
14,,,Sunsilk Hairfall Solution 170ml,Personal Care,Shampoo 170ml,158.14,,185.0,3,66.6,,474.42,555.00,81,BATCH-001,Unilever - Atlantic Distribition,,
15,,,Sunsilk Black Shine 170ml,Personal Care,Shampoo 170ml,158.14,,185.0,3,66.6,,474.42,555.00,81,BATCH-001,Unilever - Atlantic Distribition,,
16,,,Sunsilk Hijab Refresh 340ml,Personal Care,Shampoo 340ml,364.24,,420.0,2,100.8,,728.48,840.00,112,BATCH-001,Unilever - Atlantic Distribition,,
17,,,Sunsilk Shampoo Thick & Long 340ml,Personal Care,Shampoo 340ml,307.13,,355.0,2,85.2,,614.26,710.00,96,BATCH-001,Unilever - Atlantic Distribition,,
18,,,Sunsilk Shampoo Thick & Long 170ml,Personal Care,Shampoo 170ml,158.14,,185.0,3,66.6,,474.42,555.00,81,BATCH-001,Unilever - Atlantic Distribition,,
19,,,Sunsilk Shampoo Black Shine 80ml,Personal Care,Shampoo 80ml,79.3,,95.0,3,34.2,,237.90,285.00,47,BATCH-001,Unilever - Atlantic Distribition,,
20,,,Sunsilk Hairfall Solution 340ml,Personal Care,Shampoo 340ml,307.13,,355.0,2,85.2,,614.26,710.00,96,BATCH-001,Unilever - Atlantic Distribition,,
21,,,Sunsilk Shampoo Onion 375ml,Personal Care,Shampoo 375ml,364.27,,418.9,2,100.5,,728.54,837.82,109,BATCH-001,Unilever - Atlantic Distribition,,
22,,,Sunsilk Conditioner Hair Fall Solution 180ml,Personal Care,Shampoo 180ml,176.21,,200.0,3,72.0,,528.63,600.00,71,BATCH-001,Unilever - Atlantic Distribition,,
23,,,Sunsilk Shampoo Volume 375ml,Personal Care,Shampoo 375ml,364.24,,420.0,2,100.8,,728.48,840.00,112,BATCH-001,Unilever - Atlantic Distribition,,
24,,,Clear Shampoo Complete Active Care 5.5ml,Personal Care,Shampoo 5.5ml,3.43,,3.9,36,17.0,7,116.98,142.00,25,BATCH-001,Unilever - Atlantic Distribition,,
25,,,Clear Shampoo Anti Hair Fall 330ml,Personal Care,Shampoo 330ml,347.49,,400.0,2,96.0,,694.98,800.00,105,BATCH-001,Unilever - Atlantic Distribition,,
26,,,Clear Shampoo Complete Active Care 170ml,Personal Care,Shampoo 170ml,207.5,,235.0,3,84.6,,622.50,705.00,83,BATCH-001,Unilever - Atlantic Distribition,,
27,,,Clear Shampoo Complete Active Care 330ml,Personal Care,Shampoo 330ml,347.4,,400.0,2,96.0,,694.80,800.00,105,BATCH-001,Unilever - Atlantic Distribition,,
28,,,Clear Shampoo Cool Sport Menthol 5ml,Personal Care,Shampoo 5ml,4.29,,5.0,72,43.2,15,294.12,360.00,66,BATCH-001,Unilever - Atlantic Distribition,,
29,,,Clear Shampoo Cool Sport Menthol 170ml,Personal Care,Shampoo 170ml,230.49,,265.0,3,95.4,,691.47,795.00,104,BATCH-001,Unilever - Atlantic Distribition,,
30,,,Clear Shampoo Cool Sport Menthol 330ml,Personal Care,Shampoo 330ml,425.82,,490.0,3,176.4,,1277.46,1470.00,193,BATCH-001,Unilever - Atlantic Distribition,,
31,,,Clear Shampoo Cool Sport Menthol 80ml,Personal Care,Shampoo 80ml,103,,120.0,3,43.2,,309.00,360.00,51,BATCH-001,Unilever - Atlantic Distribition,,
32,,,Dove Shampoo Intensive Repair 6ml,Personal Care,Shampoo 6ml,3.43,,5.0,36,21.6,,123.48,180.00,57,BATCH-001,Unilever - Atlantic Distribition,,
33,,,Dove Shampoo Hairfall Rescue 6ml,Personal Care,Shampoo 6ml,3.43,,5.0,36,21.6,,123.48,180.00,57,BATCH-001,Unilever - Atlantic Distribition,,
34,,,Dove Conditioner Intensive Repair 7ml,Personal Care,Conditioner 7ml,4.29,,5.0,36,21.6,,154.44,180.00,26,BATCH-001,Unilever - Atlantic Distribition,,
35,,,Dove Shampoo Hairfall Rescue 170ml,Personal Care,Shampoo 170ml,171.2,,200.0,2,48.0,,342.40,400.00,58,BATCH-001,Unilever - Atlantic Distribition,,
36,,,Dove Shampoo Intensive Repair 170ml,Personal Care,Shampoo 170ml,171.2,,200.0,2,48.0,,342.40,400.00,58,BATCH-001,Unilever - Atlantic Distribition,,
37,,,Dove Shampoo Intensive Repair 330ml,Personal Care,Shampoo 330ml,376.33,,435.0,2,104.4,,752.66,870.00,117,BATCH-001,Unilever - Atlantic Distribition,,
38,,,Dove Shampoo Nourishing Oil 170ml,Personal Care,Oil 170ml,171.2,,200.0,2,48.0,,342.40,400.00,58,BATCH-001,Unilever - Atlantic Distribition,,
39,,,Dove Conditioner Hairfall Rescue 170ml,Personal Care,Conditioner 170ml,232,,265.0,2,63.6,,464.00,530.00,66,BATCH-001,Unilever - Atlantic Distribition,,
40,,,Dove Shampoo Oxygen Moisture 330ml,Personal Care,Shampoo 330ml,376.33,,435.0,2,104.4,,752.66,870.00,117,BATCH-001,Unilever - Atlantic Distribition,,
41,,,Dove Conditioner Intensive Repair 50ml,Personal Care,Conditoner 50ml,24,,30.0,2,7.2,48,0.00,60.00,60,BATCH-001,Unilever - Atlantic Distribition,,
42,,,Dove Shampoo Intensive Repair 330ml,Personal Care,Shampoo 330ml,376.33,,435.0,2,104.4,,752.66,870.00,117,BATCH-001,Unilever - Atlantic Distribition,,
43,,,Tresemme Shampoo Color Revitalized 580ml,Personal Care,Shampoo 580ml,602.5,,700.0,1,84.0,,602.50,700.00,98,BATCH-001,Unilever - Atlantic Distribition,,
44,,,Tresemme Shampoo Keratin Smooth 340ml,Personal Care,Shampoo 340ml,458.1,,525.0,1,63.0,,458.10,525.00,67,BATCH-001,Unilever - Atlantic Distribition,,
45,,,Tresemme Shampoo Keratin Smooth 185ml,Personal Care,Shampoo 185ml,298.58,,345.0,1,41.4,,298.58,345.00,46,BATCH-001,Unilever - Atlantic Distribition,,
46,,,Tresemme Keratin 190ml,Personal Care,Conditioner 190ml,256,,300.0,1,36.0,,256.00,300.00,44,BATCH-001,Unilever - Atlantic Distribition,,
47,,,Pond Oil Control 50g,Personal Care,Facewash 50g,75.02,,85.0,1,10.2,,75.02,85.00,10,BATCH-001,Unilever - Atlantic Distribition,,
48,,,Ponds White Beauty 50g,Personal Care,Facewash 50g,90.75,,100.0,1,12.0,,90.75,100.00,9,BATCH-001,Unilever - Atlantic Distribition,,
49,,,Ponds Pure White 100g,Personal Care,Facewash 100g,156.34,,180.0,2,43.2,,312.68,360.00,47,BATCH-001,Unilever - Atlantic Distribition,,
50,,,Ponds White Beauty 100g,Personal Care,Facewash 100g,157,,180.0,2,43.2,,314.00,360.00,46,BATCH-001,Unilever - Atlantic Distribition,,
51,,,Ponds Pure White 50g,Personal Care,Facewash 50g,94,,110.0,1,13.2,,94.00,110.00,16,BATCH-001,Unilever - Atlantic Distribition,,
52,,,Ponds Oil Control 100g,Personal Care,Facewash 100g,157,,180.0,2,43.2,,314.00,360.00,46,BATCH-001,Unilever - Atlantic Distribition,,
53,,,Pond Daily 100g,Personal Care,Facewash 100g,135,,155.0,2,37.2,,270.00,310.00,40,BATCH-001,Unilever - Atlantic Distribition,,
54,,,Ponds Light 50ml,Personal Care,Moisturizer 50ml,160,,185.0,3,66.6,,480.00,555.00,75,BATCH-001,Unilever - Atlantic Distribition,,
55,,,Ponds Superlight Gel 50ml,Personal Care,,160,,185.0,3,66.6,,480.00,555.00,75,BATCH-001,Unilever - Atlantic Distribition,,
56,,,Ponds Superlight Gel 100ml,Personal Care,,271.99,,310.0,3,111.6,,815.97,930.00,114,BATCH-001,Unilever - Atlantic Distribition,,
57,,,Ponds Daily 50g,Personal Care,Facewash,72,,85.0,1,10.2,,72.00,85.00,13,BATCH-001,Unilever - Atlantic Distribition,,
58,,,Ponds Skin Cream White Beauty 35g,Personal Care,Cream 35g,215,,250.0,3,90.0,,645.00,750.00,105,BATCH-001,Unilever - Atlantic Distribition,,
59,,,Ponds Bright Beauty 50g,Personal Care,Cream 50g,355,,410.0,3,147.6,,1065.00,1230.00,165,BATCH-001,Unilever - Atlantic Distribition,,
60,,,Lifebouy Liquid Total 200ml,Personal Care,Handwash 200ml,105.52,,125.0,4,60.0,,422.08,500.00,78,BATCH-001,Unilever - Atlantic Distribition,,
61,,,Lifebouy Liquid Care 170ml,Personal Care,Handwash 170ml,78.8,,90.0,18,194.4,50,1368.40,1620.00,252,BATCH-001,Unilever - Atlantic Distribition,,
62,,,Lifebouy Health Care 150g,Personal Care,Soap 150g,73.46,,85.0,24,244.8,,1763.04,2040.00,277,BATCH-001,Unilever - Atlantic Distribition,,
63,,,Lifebouy Health Care 90g,Personal Care,Soap 90g,49.15,,60.0,24,172.8,,1179.60,1440.00,260,BATCH-001,Unilever - Atlantic Distribition,,
64,,,Lifebouy Liquid Lemon Fresh 200ml,Personal Care,Handwash 200ml,105.52,,120.0,4,57.6,,422.08,480.00,58,BATCH-001,Unilever - Atlantic Distribition,,
65,,,Lifebouy Liquid Handwash Care 200g,Personal Care,Handwash 200ml,105.52,,120.0,4,57.6,,422.08,480.00,58,BATCH-001,Unilever - Atlantic Distribition,,
66,,,Lifebouy Liquid Lemon Fresh 170ml,Personal Care,Handwash 200ml,78.8,,90.0,18,194.4,50,1368.40,1620.00,252,BATCH-001,Unilever - Atlantic Distribition,,
67,,,Lifebouy Health Soap Lemon Fresh 150g,Personal Care,Soap 150g,73.46,,85.0,24,244.8,,1763.04,2040.00,277,BATCH-001,Unilever - Atlantic Distribition,,
68,,,Lifebouy Health Soap Total 90g,Personal Care,Soap 90g,49.15,,55.0,24,158.4,,1179.60,1320.00,140,BATCH-001,Unilever - Atlantic Distribition,,
69,,,Lifebouy Health Soap Lemon Fresh 90g,Personal Care,Soap 90g,49.15,,55.0,24,158.4,,1179.60,1320.00,140,BATCH-001,Unilever - Atlantic Distribition,,
70,,,Lifebouy Health Soap Total 150g,Personal Care,Soap 150g,73.46,,85.0,24,244.8,,1763.04,2040.00,277,BATCH-001,Unilever - Atlantic Distribition,,
71,,,Lux Soap Velvet Touch 90g,Personal Care,Soap 90g,53.52,,60.0,54,388.8,29,2861.18,3240.00,379,BATCH-001,Unilever - Atlantic Distribition,,
72,,,Lux Soap Soft Touch 75g,Personal Care,Soap 90g,44.21,,50.0,54,324.0,,2387.34,2700.00,313,BATCH-001,Unilever - Atlantic Distribition,,
73,,,Lux Soap Soft Touch 90g,Personal Care,Soap 90g,53.52,,60.0,54,388.8,29,2861.18,3240.00,379,BATCH-001,Unilever - Atlantic Distribition,,
74,,,Lux Soap Velvet Touch 150g,Personal Care,Soap 150g,80.2,,90.0,33,356.4,,2646.60,2970.00,323,BATCH-001,Unilever - Atlantic Distribition,,
75,,,Lux Soap Velvet Touch 75g,Personal Care,Soap 75g,44.21,,50.0,54,324.0,,2387.34,2700.00,313,BATCH-001,Unilever - Atlantic Distribition,,
76,,,Lux Soap Soft Touch 150g,Personal Care,Soap 150g,80.2,,90.0,36,388.8,,2887.20,3240.00,353,BATCH-001,Unilever - Atlantic Distribition,,
77,,,Lux Soap Soft Touch 25g,Personal Care,Soap 25g,12.81,,15.0,72,129.6,79,843.12,1080.00,237,BATCH-001,Unilever - Atlantic Distribition,,
78,,,Dove Cream Bar 135g,Personal Care,Soap 135g,129.98,,150.0,6,108.0,45,734.45,900.00,166,BATCH-001,Unilever - Atlantic Distribition,,
79,,,Dove Cream Pink Bar 135g,Personal Care,Soap 135g,129.98,,150.0,6,108.0,45,734.45,900.00,166,BATCH-001,Unilever - Atlantic Distribition,,
80,,,Dove Cream Bar 90g,Personal Care,Soap 90g,99.01,,115.0,6,82.8,35,559.45,690.00,131,BATCH-001,Unilever - Atlantic Distribition,,
81,,,Dove Cream Pink Bar 90g,Personal Care,Soap 25g,99.01,,115.0,6,82.8,35,559.45,690.00,131,BATCH-001,Unilever - Atlantic Distribition,,
82,,,Dove Cream Bar 50g,Personal Care,Soap 25g,57,,65.0,6,46.8,20,322.08,390.00,68,BATCH-001,Unilever - Atlantic Distribition,,
83,,,Boost Standard Jar 400g,Beverages,Powdered Drink 400g,514.02,,600.0,6,432.0,,3084.12,3600.00,516,BATCH-001,Unilever - Atlantic Distribition,,
84,,,Maltova 400g,Beverages,Powdered Drink 400g,514.02,,600.0,6,432.0,,3084.12,3600.00,516,BATCH-001,Unilever - Atlantic Distribition,,
85,,,Horlicks Pouch 400g,Beverages,Powdered Drink 350g,327.1,,375.0,6,270.0,,1962.60,2250.00,287,BATCH-001,Unilever - Atlantic Distribition,,
86,,,Mother Horlicks 350g,Beverages,Powdered Drink 350g,579.44,,670.0,3,241.2,,1738.32,2010.00,272,BATCH-001,Unilever - Atlantic Distribition,,
87,,,Junior Horlicks Stage II 500g,Beverages,Powdered Drink 500g,514.02,,590.0,3,212.4,,1542.06,1770.00,228,BATCH-001,Unilever - Atlantic Distribition,,
88,,,Junior Horlicks Stage I 500g,Beverages,Powdered Drink 500g,514.02,,590.0,3,212.4,,1542.06,1770.00,228,BATCH-001,Unilever - Atlantic Distribition,,
89,,,Standard Horlicks Jar 1000g,Beverages,Powdered Drink 1000g,840.02,,960.0,6,691.2,,5040.12,5760.00,720,BATCH-001,Unilever - Atlantic Distribition,,
90,,,Standard Horlicks Jar 250g,Beverages,Powdered Drink 250g,263.01,,300.0,6,216.0,,1578.06,1800.00,222,BATCH-001,Unilever - Atlantic Distribition,,
91,,,Standard Horlicks Jar 18g,Beverages,Powdered Drink 18g,18,,20.0,36,86.4,,648.00,720.00,72,BATCH-001,Unilever - Atlantic Distribition,,
92,,,Standard Horlicks Jar 500g,Beverages,Powdered Drink 500g,467.98,,540.0,6,388.8,,2807.88,3240.00,432,BATCH-001,Unilever - Atlantic Distribition,,
93,,,Go & Handsome Facewash Men 100g,Personal Care,Facewash 100g,146.09,,168.0,2,40.3,,292.18,336.01,44,BATCH-001,Unilever - Atlantic Distribition,,
94,,,Go & Handsome Facewash Men 50g,Personal Care,Facewash 50g,146.09,,168.0,2,40.3,,292.18,336.01,44,BATCH-001,Unilever - Atlantic Distribition,,
95,,,Go & Handsome Skin Cream Men 25g,Personal Care,Cream 25g,112,,130.0,2,31.2,,224.00,260.00,36,BATCH-001,Unilever - Atlantic Distribition,,
96,,,Go & Handsome Skin Cream Men 50g,Personal Care,Cream 50g,92.89,,105.0,2,25.2,,185.78,210.00,24,BATCH-001,Unilever - Atlantic Distribition,,
97,,,Knorr Soup 31g,Packaged Food,Packet Soup 31g,143.7,,165.0,2,39.6,,287.40,330.00,43,BATCH-001,Unilever - Atlantic Distribition,,
98,,,Knorr Soup Chicken Corn 24g,Packaged Food,Packet Soup 24g,49.55,,60.0,12,86.4,,594.60,720.00,125,BATCH-001,Unilever - Atlantic Distribition,,
99,,,Knorr Soup Thai 28g,Packaged Food,Packet Soup 28g,49.55,,60.0,12,86.4,,594.60,720.00,125,BATCH-001,Unilever - Atlantic Distribition,,
100,,,Close Up Toothpaste Sea Salt 140g,Personal Care,Toothpaste 140g,149.25,,170.0,6,122.4,99,796.64,1020.00,223,BATCH-001,Unilever - Atlantic Distribition,,
101,,,Close Up Menthol Fresh Toothpaste 85g,Personal Care,Toothpaste 85g,92.09,,105.0,6,75.6,20,533.04,630.00,97,BATCH-001,Unilever - Atlantic Distribition,,
102,,,Close Up Menthol Fresh Toothpaste 38g,Personal Care,Toothpaste 38g,44.25,,50.0,12,72.0,24,507.00,600.00,93,BATCH-001,Unilever - Atlantic Distribition,,
103,,,Close Up Menthol Fresh Toothpaste 145g,Personal Care,Toothpaste 145g,136.07,,155.0,12,223.2,88,1544.84,1860.00,315,BATCH-001,Unilever - Atlantic Distribition,,
104,,,Close Up Menthol Fresh Toothpaste 7g,Personal Care,Toothpaste 7g,2.46,,5.0,12,7.2,30,0.00,60.00,60,BATCH-001,Unilever - Atlantic Distribition,,
105,,,Lifebouy Liquid Lemon Fresh 170ml,Personal Care,Liquid Soap 170ml,78.8,,90.0,4,43.2,315,0.00,360.00,360,BATCH-001,Unilever - Atlantic Distribition,,
106,,,Lifebouy Soap Lemon Fresh 150g,Personal Care,Soap 150g,73.46,,85.0,9,91.8,661,0.00,765.00,765,BATCH-001,Unilever - Atlantic Distribition,,
107,,,Lifebouy Hand Soap Total 90g,Personal Care,Soap 90g,49.15,,60.0,9,64.8,442,0.00,540.00,540,BATCH-001,Unilever - Atlantic Distribition,,
108,,,Lux Soap Soft Touch 75g,Personal Care,Soap 75g,44.21,,50.0,18,108.0,796,0.00,900.00,900,BATCH-001,Unilever - Atlantic Distribition,,
109,,,Lux Soap Velvet Touch 150g,Personal Care,Soap 150g,80.2,,90.0,9,97.2,722,0.00,810.00,810,BATCH-001,Unilever - Atlantic Distribition,,
110,,,Wheel Fabric Solutions Laundry Soap 125g,Cleaning Supply,rice,26.55,,30.0,106,381.6,80,2734.30,3180.00,446,BATCH-001,Unilever - Atlantic Distribition,,
111,,,Wheel Fabric Solutions Clean and Fresh 200g,Cleaning Supply,Laundry Soap 200g,27.55,,30.0,72,259.2,110,1873.60,2160.00,286,BATCH-001,Unilever - Atlantic Distribition,,
112,,,Rin Power White 200g,Cleaning Supply,Laundry Soap 200g,36.67,,45.0,6,32.4,,220.02,270.00,50,BATCH-001,Unilever - Atlantic Distribition,,
113,,,Rin Fabric Solution Power Bright 500g,Cleaning Supply,Laundry Soap 500g,80.51,,90.0,54,583.2,252,4095.16,4860.00,765,BATCH-001,Unilever - Atlantic Distribition,,
114,,,Rin Fabric Solution Liquid 400ml,Cleaning Supply,Laundry Liquid 400ml,100,,115.0,12,165.6,87,1113.00,1380.00,267,BATCH-001,Unilever - Atlantic Distribition,,
115,,,Rin Powder Power Bright 1kg,Cleaning Supply,Laundry Soap 1kg,165.25,,190.0,30,684.1,259,4698.18,5701.13,1003,BATCH-001,Unilever - Atlantic Distribition,,
116,,,Surf Excel 180g,Cleaning Supply,Laundry Powder 180g,45,,50.0,12,72.0,,540.00,600.00,60,BATCH-001,Unilever - Atlantic Distribition,,
117,,,Surf Excel 500g,Cleaning Supply,Laundry Powder 500g,108.11,,125.0,60,900.0,485,6001.60,7500.00,1498,BATCH-001,Unilever - Atlantic Distribition,,
118,,,Surf Excel 1000g,Cleaning Supply,Laundry Powder 1000g,211,,240.0,30,864.0,464,5866.00,7200.00,1334,BATCH-001,Unilever - Atlantic Distribition,,
119,,,Surf Excel Matic Liquid Top 1L ,Cleaning Supply,Laundry Liquid 1L,333.33,,380.0,12,547.2,,3999.96,4560.00,560,BATCH-001,Unilever - Atlantic Distribition,,
120,,,Surf Excel Matic Liquid Top 500ml,Cleaning Supply,Laundry Liquid 500ml,175,,200.0,12,288.0,,2100.00,2400.00,300,BATCH-001,Unilever - Atlantic Distribition,,
121,,,Surf Excel Fabric Solution Quick Wash 18g,Cleaning Supply,Laundry Soap 18g,4.5,,5.0,36,21.6,,162.00,180.00,18,BATCH-001,Unilever - Atlantic Distribition,,
122,,,Vim Dish Washing Bar 125g,Cleaning Supply,Dishwashing Bar 125g,13.5,,16.0,90,172.8,,1215.00,1440.00,225,BATCH-001,Unilever - Atlantic Distribition,,
123,,,Vim Dish Washing Bar 300g,Cleaning Supply,Dishwashing Bar 300g,35.95,,40.0,72,345.6,,2588.40,2880.00,292,BATCH-001,Unilever - Atlantic Distribition,,
124,,,Vim Dish Washing Liquid 200ml,Cleaning Supply,Dishwashing Liquid 200ml,44.23,,50.0,36,216.0,80,1512.28,1800.00,288,BATCH-001,Unilever - Atlantic Distribition,,
125,,,Vim Dish Washing Liquid 475ml,Cleaning Supply,Dishwashing Liquid 475ml,115,,135.0,24,388.8,,2760.00,3240.00,480,BATCH-001,Unilever - Atlantic Distribition,,
126,,,Vim Dish Washing Liquid 1L,Cleaning Supply,Dishwashing Liquid 1L,207.83,,240.0,6,172.8,,1246.98,1440.00,193,BATCH-001,Unilever - Atlantic Distribition,,
127,,,Vim Dish Washing Powder 500g,Cleaning Supply,Dishwashing Powder 500g,45,,55.0,12,79.2,,540.00,660.00,120,BATCH-001,Unilever - Atlantic Distribition,,
128,,,Domex 750ml,Cleaning Supply,Dishwashing Liquid 750ml,149.84,,175.0,6,126.0,90,809.04,1050.00,241,BATCH-001,Unilever - Atlantic Distribition,,
129,,,Domex 500ml,Cleaning Supply,Dishwashing Liquid 500ml,113,,130.0,6,93.6,90,588.00,779.70,192,BATCH-001,Unilever - Atlantic Distribition,,
130,,,Glucose 350g,Beverages,Powdered Drink 350g,117,,135.0,6,97.2,,702.00,810.00,108,BATCH-001,Unilever - Atlantic Distribition,,
131,,,Glucose mini,Beverages,Powdered Drink,110,,125.0,6,90.0,,660.00,750.00,90,BATCH-001,Unilever - Atlantic Distribition,,
132,,,Energy Plus - Standard Pack,Biscuits & Cookies,,13,,15.0,24,,,312.00,360.00,48,BATCH-001,Olympic Industries Limited,,
133,,,Tip -Standard Pack,Biscuits & Cookies,,13,,15.0,24,,,312.00,360.00,48,BATCH-001,Olympic Industries Limited,,
134,,,Digestive -Standard Pack,Biscuits & Cookies,,25,,30.0,36,,,900.00,1080.00,180,BATCH-001,Olympic Industries Limited,,
135,,,Nutty - Standard Pack,Biscuits & Cookies,,13,,15.0,24,,,312.00,360.00,48,BATCH-001,Olympic Industries Limited,,
136,,,Solecti Cookies - Standard Pack,Biscuits & Cookies,Check the name ,16,,20.0,24,,,384.00,480.00,96,BATCH-001,Olympic Industries Limited,,
137,,,Orange Biscuit - Standard Pack,Biscuits & Cookies,"(price written 4*24 but charged 8*24, please check with supplier)",4,,5.0,24,,,96.00,120.00,24,BATCH-001,Olympic Industries Limited,,
138,,,Chocolate Plus - Classic Pack,Biscuits & Cookies,,8,,10.0,24,,,192.00,240.00,48,BATCH-001,Olympic Industries Limited,,
139,,,Milk Plus - Classic Pack,Biscuits & Cookies,,8,,10.0,24,,,192.00,240.00,48,BATCH-001,Olympic Industries Limited,,
140,,,Hello Cookies - Classic Pack,Biscuits & Cookies,,8,,10.0,24,,,192.00,240.00,48,BATCH-001,Olympic Industries Limited,,
141,,,Bourbon Cookies -Classic Pack,Biscuits & Cookies,,115,,130.0,8,,,920.00,1040.00,120,BATCH-001,Olympic Industries Limited,,
142,,,Energy Plus - Family Pack,Biscuits & Cookies,Check these products if Price & Quantity is matching,42,,50.0,9,,,378.00,450.00,72,BATCH-001,Olympic Industries Limited,,
143,,,Tip - Family Pack,Biscuits & Cookies,,50,,60.0,8,,,400.00,480.00,80,BATCH-001,Olympic Industries Limited,,
144,,,Nutty - Family Pack,Biscuits & Cookies,,42,,50.0,8,,,336.00,400.00,64,BATCH-001,Olympic Industries Limited,,
145,,,Milk Mary - Family Pack,Biscuits & Cookies,,42,,50.0,8,,,336.00,400.00,64,BATCH-001,Olympic Industries Limited,,
146,,,Lexus - Family Pack,Biscuits & Cookies,,20,,25.0,70,,,1400.00,1750.00,350,BATCH-001,Olympic Industries Limited,,
147,,,Orange Biscuit - Family Pack,Biscuits & Cookies,,33,,40.0,6,,,198.00,240.00,42,BATCH-001,Olympic Industries Limited,,
148,,,Hello Cookies - Family Pack,Biscuits & Cookies,,42,,50.0,8,,,336.00,400.00,64,BATCH-001,Olympic Industries Limited,,
149,,,Dry Cake ,Biscuits & Cookies,,126,,130.0,6,,,756.00,780.00,24,BATCH-001,Olympic Industries Limited,,
150,,,Foodie Masala Noodles 8 Pack,Packaged Food,,105,,120.0,12,,,1260.00,1440.00,180,BATCH-001,Olympic Industries Limited,,
151,,,Foodie Masala Noodles 12 Pack,Packaged Food,,154,,170.0,8,,,1232.00,1360.00,128,BATCH-001,Olympic Industries Limited,,
152,,,Pulse - Mango Masala,Chocolates & Candies,1 Jar,300,,350.0,1,,,300.00,350.00,50,BATCH-001,Olympic Industries Limited,,
153,,,Kopi - Candy,Chocolates & Candies,1 Jar,300,,350.0,1,,,300.00,350.00,50,BATCH-001,Olympic Industries Limited,,
154,,,Pulse - Mango Masala,Chocolates & Candies,,6,,10.0,75,,,450.00,750.00,300,BATCH-001,Olympic Industries Limited,,
155,,,Knock Chocolate Cream,Chocolates & Candies,1 Carton,741,,800.0,1,,,741.00,800.00,59,BATCH-001,Olympic Industries Limited,,
156,,,Knock Milk Cream,Chocolates & Candies,1 Carton,741,,800.0,1,,,741.00,800.00,59,BATCH-001,Olympic Industries Limited,,
157,,,Knock Strawberry Cream,Chocolates & Candies,1 Carton,741,,800.0,1,,,741.00,800.00,59,BATCH-001,Olympic Industries Limited,,
158,,,Toffeeto Chocolate,Chocolates & Candies,1 Jar,393,,450.0,1,,,393.00,450.00,57,BATCH-001,Olympic Industries Limited,,
159,,,Volt Pencil Battery UM-3,Electronics,,14,,20.0,60,,,840.00,1200.00,360,BATCH-001,Olympic Industries Limited,,
160,,,Volt Pencil Battery UM-4,Electronics,,24,,30.0,25,,,600.00,750.00,150,BATCH-001,Olympic Industries Limited,,
161,,,Honey Tea Bag 25g,Tea & Coffee,Tea Bag 25g,139.34,,160.2,6,99.6,6,830.04,961.20,131,BATCH-001,TAAZA - ARC DISTRIBUTION,,
162,,,Lipton Pure Tea 25g,Tea & Coffee,Tea Bag 25g,131.2,,150.9,6,93.7,6,781.20,905.40,124,BATCH-001,TAAZA - ARC DISTRIBUTION,,
163,,,Taaza Tea Bag,Tea & Coffee,,86.37,,95,6,61.5,6,512.22,570.00,58,BATCH-001,TAAZA - ARC DISTRIBUTION,,
164,,,Taaza 50g,Tea & Coffee,,25.75,,29.7,48,148.3,0,1236.00,1425.60,190,BATCH-001,TAAZA - ARC DISTRIBUTION,,
165,,,Taaza 100g,Tea & Coffee,,52.86,,60.8,24,150.3,16,1252.64,1459.20,207,BATCH-001,TAAZA - ARC DISTRIBUTION,,
166,,,Taaza 400g,Tea & Coffee,,220.26,,250,12,312.4,40,2603.12,3000.00,397,BATCH-001,TAAZA - ARC DISTRIBUTION,,
167,,,Taaza 500g,Tea & Coffee,,264.32,,300,12,369.8,90,3081.84,3600.00,518,BATCH-001,TAAZA - ARC DISTRIBUTION,,
168,,,Taaza 500g 3 star,Tea & Coffee,,220.26,,250,12,304,110,2533.12,3000.00,467,BATCH-001,TAAZA - ARC DISTRIBUTION,,
169,,,Godrej Good Knight Power Activ+ (Machine + Refill),Pest Control,Mosquito Killer,156,,180,3,,,468.00,540.00,72,BATCH-001,GODREJ,,
170,,,Godrej Good Knigth Bullet (Machine+Refill),Pest Control,Mosquito Killer,80,,95,3,,,240.00,285.00,45,BATCH-001,GODREJ,,
171,,,Goodknight Refill Liquid (45ml),Pest Control,45ml,107,,130,6,,,642.00,780.00,138,BATCH-001,GODREJ,,
172,,,Godrej Red HIT (200ml),Pest Control,Aerosol 200ml,175,,200,1,,,175.00,200.00,25,BATCH-001,GODREJ,,
173,,,Godrej Red Hit (400ml),Pest Control,Aerosol 400ml,310,,350,1,,,310.00,350.00,40,BATCH-001,GODREJ,,
174,,,Godrej Black Hit (200ml),Pest Control,Aerosol 200ml,200,,225,1,,,200.00,225.00,25,BATCH-001,GODREJ,,
175,,,Godrej Black Hit/Lime (475ml),Pest Control,Aerosol 475ml,330,,415,1,,,330.00,415.00,85,BATCH-001,GODREJ,,
176,,,Godrej Soap,Personal Care,Soap,200,,230,2,,,400.00,460.00,60,BATCH-001,GODREJ,,
177,,,Godrej Powder Hair Dye Black 3g,Personal Care,Hair Color Powder,10.83,,15,24,,,259.92,360.00,100,BATCH-001,GODREJ,,
178,,,Expert Shampoo Hair Color 9g,Personal Care,Hair Color,42,,50,24,,,1008.00,1200.00,192,BATCH-001,GODREJ,,
179,,,Expert Shampoo Hair Color 5g,Personal Care,Hair Color,25,,30,24,,,600.00,720.00,120,BATCH-001,GODREJ,,
180,,,AER Room Spray ,Air Freshner,Cream,230,,300,6,,,1380.00,1800.00,420,BATCH-001,GODREJ,,
181,,,AER Pocket Perfume,Air Freshner,Perfume,60,,75,36,,,2160.00,2700.00,540,BATCH-001,GODREJ,,
182,,,Godrej Magic Handwash Refill,Personal Care,Handwash Refill,25,,30,40,,,1000.00,1200.00,200,BATCH-001,GODREJ,,
183,,,Muffin Bread Vanilla 324g,Biscuits & Cookies,,150,,200,4,,,600.00,800.00,200,BATCH-001,KAZI FARMS KITCHEN,,
184,,,Muffin Bread Chocolate 324g,Biscuits & Cookies,,150,,200,4,,,600.00,800.00,200,BATCH-001,KAZI FARMS KITCHEN,,
185,,,Muffin Lata Vanilla 8g,Biscuits & Cookies,,8,,60,48,,,384.00,2880.00,2496,BATCH-001,KAZI FARMS KITCHEN,,
186,,,Muffin Lata Chocolate 8g,Biscuits & Cookies,,8,,60,48,,,384.00,2880.00,2496,BATCH-001,KAZI FARMS KITCHEN,,
187,,,Muffin Lata Fruit 8g,Biscuits & Cookies,,8,,10,24,,,192.00,240.00,48,BATCH-001,KAZI FARMS KITCHEN,,
188,,,Kazi Toast 250g,Biscuits & Cookies,,50,,60,6,,,300.00,360.00,60,BATCH-001,KAZI FARMS KITCHEN,,
189,,,Slice Pound Cake Vanilla,Biscuits & Cookies,,25,,30,15,,,375.00,450.00,75,BATCH-001,KAZI FARMS KITCHEN,,
190,,,Slice Pound Cake Milk,Biscuits & Cookies,,4,,5,72,,,288.00,360.00,72,BATCH-001,KAZI FARMS KITCHEN,,
191,,,Slice Pound Cake Chocolate,Biscuits & Cookies,,29,,35,15,,,435.00,525.00,90,BATCH-001,KAZI FARMS KITCHEN,,
192,,,Pound Cake Vanilla,Biscuits & Cookies,,100,,115,5,,,500.00,575.00,75,BATCH-001,KAZI FARMS KITCHEN,,
193,,,Pound Cake Chocolate,Biscuits & Cookies,,100,,115,5,,,500.00,575.00,75,BATCH-001,KAZI FARMS KITCHEN,,
194,,,Pound Cake Fruit,Biscuits & Cookies,,108,,125,5,,,540.00,625.00,85,BATCH-001,KAZI FARMS KITCHEN,,
195,,,Dry Cake (300g),Biscuits & Cookies,,125,,145,2,,,250.00,290.00,40,BATCH-001,KAZI FARMS KITCHEN,,
196,,,Mini Dry Cake,Biscuits & Cookies,,8,,10,48,,,384.00,480.00,96,BATCH-001,KAZI FARMS KITCHEN,,
197,,,Tomato Ketchup Small,Condiments,,76,,100,2,,,152.00,200.00,48,BATCH-001,KAZI FARMS KITCHEN,,
198,,,Kellogs Almond Corn Flakes 300g,Cereals,,530,,560.0,2,,,1060.00,1120.00,60,BATCH-001,KELLOGS - FM DISTRIBUTION,,
199,,,Kellogs Corn Flakes Real Honey 300g,Cereals,,530,,560.0,2,,,1060.00,1120.00,60,BATCH-001,KELLOGS - FM DISTRIBUTION,,
200,,,Kellogs Fruit Loops 285g,Cereals,,530,,560.0,2,,,1060.00,1120.00,60,BATCH-001,KELLOGS - FM DISTRIBUTION,,
201,,,Kellogs Chocos 127g,Cereals,,160,,170.0,4,,,640.00,680.00,40,BATCH-001,KELLOGS - FM DISTRIBUTION,,
202,,,Kellogs Chocos 250g,Cereals,,360,,370.0,3,,,1080.00,1110.00,30,BATCH-001,KELLOGS - FM DISTRIBUTION,,
203,,,Kellogs Chocos Fills Centred Pillow 250g,Cereals,,530,,560.0,2,,,1060.00,1120.00,60,BATCH-001,KELLOGS - FM DISTRIBUTION,,
204,,,Kellogs Muesli Crunchy Fruit & Nut 500g,Cereals,,920,,1000.0,2,,,1840.00,2000.00,160,BATCH-001,KELLOGS - FM DISTRIBUTION,,
205,,,Kellogs K-Park 26g,Cereals,,17.5,,20.0,48,,24,816.00,960.00,144,BATCH-001,KELLOGS - FM DISTRIBUTION,,
206,,,Kellogs Oats 400g,Cereals,,320,,360.0,6,,,1920.00,2160.00,240,BATCH-001,KELLOGS - FM DISTRIBUTION,,
207,,,Kellogs Oats 900g,Cereals,,675,,750.0,4,,,2700.00,3000.00,300,BATCH-001,KELLOGS - FM DISTRIBUTION,,
208,,,Dano Daily Pusti 100g,Dairy,,82,,100.0,6,73.8,,492.00,600.00,108,BATCH-001,DANO - ISLAM TRADING,,
209,,,Dano Daily Pusti 50g,Dairy,,40,,50.0,6,36.0,,240.00,300.00,60,BATCH-001,DANO - ISLAM TRADING,,
210,,,Dano Daily Pusti 500g,Dairy,,360,,400.0,4,211.8,28,1412.00,1600.00,188,BATCH-001,DANO - ISLAM TRADING,,
211,,,Dano Daily Pusti 200g,Dairy,,150,,180.0,5,110.3,15,735.00,900.00,165,BATCH-001,DANO - ISLAM TRADING,,
212,,,Dano Delight 500g,Dairy,,451,,480.0,4,260.4,68,1736.00,1920.00,184,BATCH-001,DANO - ISLAM TRADING,,
213,,,Dano Delight 200g,Dairy,,185,,200.0,5,138.8,,925.00,1000.00,75,BATCH-001,DANO - ISLAM TRADING,,
214,,,Dano Power 500g,Dairy,,447,,480.0,4,265.2,20,1768.00,1920.00,152,BATCH-001,DANO - ISLAM TRADING,,
215,,,Dano Power 200g,Dairy,,190,,210.0,5,142.5,,950.00,1050.00,100,BATCH-001,DANO - ISLAM TRADING,,
216,,,Diploma IFCMP 1kg,Dairy,,893,,950.0,6,,,5358.00,5700.00,342,BATCH-001,DIPLOMA - NEXT ASSOCIATES,,
217,,,Diploma IFCMP 200g,Dairy,,190,,205.0,6,,,1140.00,1230.00,90,BATCH-001,DIPLOMA - NEXT ASSOCIATES,,
218,,,Diploma IFCMP 500g,Dairy,,449,,480.0,6,,,2694.00,2880.00,186,BATCH-001,DIPLOMA - NEXT ASSOCIATES,,
219,,,Doodles Instant Noodles Masala 62g (8 Pack),Snacks,,223,,250.0,3,,18,651.00,750.00,99,BATCH-001,DIPLOMA - NEXT ASSOCIATES,,
220,,,Doodles Instant Noodles Masala 62g (24 Pack),Snacks,,76,,100.0,3,,6,222.00,300.00,78,BATCH-001,DIPLOMA - NEXT ASSOCIATES,,
221,,,Doodles Instant Noodles Masala 62g (12 Pack),Snacks,Check physicall if given,146,,160.0,3,,14,424.00,480.00,56,BATCH-001,DIPLOMA - NEXT ASSOCIATES,,
222,,,Doodles Instant Noodles Ramen 62g (4 Pack),Snacks,,90,,110.0,12,,,1080.00,1320.00,240,BATCH-001,DIPLOMA - NEXT ASSOCIATES,,
223,,,Doodles Instant Noodles Ramen 62g (8 Pack),Snacks,,182,,210.0,6,,,1092.00,1260.00,168,BATCH-001,DIPLOMA - NEXT ASSOCIATES,,
224,,,Doodles Stick Noodles 150g ,Snacks,,17.25,,20.0,6,,3,100.50,120.00,20,BATCH-001,DIPLOMA - NEXT ASSOCIATES,,
225,,,Doodles Stick Noodles Chicken Delight 300g,Snacks,,43,,50.0,6,,,258.00,300.00,42,BATCH-001,DIPLOMA - NEXT ASSOCIATES,,
226,,,Detos Nacho Cheese Chips 30g,Snacks,,16.13,,20.0,24,,30,357.12,480.00,123,BATCH-001,DIPLOMA - NEXT ASSOCIATES,,
227,,,Detos Sweet Chilli Chips 30g,Snacks,,16.13,,20.0,24,,,387.12,480.00,93,BATCH-001,DIPLOMA - NEXT ASSOCIATES,,
228,,,Poppers Corn Coconut Crackers 25g,Snacks,,16.13,,20.0,24,,15,372.12,480.00,108,BATCH-001,DIPLOMA - NEXT ASSOCIATES,,
229,,,Bellame Butter Toast 200g,Biscuits & Cookies,,82,,95.0,3,,24,222.00,285.00,63,BATCH-001,DIPLOMA - NEXT ASSOCIATES,,
230,,,Bellame Choco Little Cookies 240g,Biscuits & Cookies,,92,,105.0,3,,30,246.00,315.00,69,BATCH-001,DIPLOMA - NEXT ASSOCIATES,,
231,,,Bellame Chocolate Digestive 135g,Biscuits & Cookies,,43,,50.0,6,,,258.00,300.00,42,BATCH-001,DIPLOMA - NEXT ASSOCIATES,,
232,,,Bellame Chocolate Fondue Cookie 176g,Biscuits & Cookies,,120,,150.0,3,,,360.00,450.00,90,BATCH-001,DIPLOMA - NEXT ASSOCIATES,,
233,,,Bellame Digestive Biscuit 135g,Biscuits & Cookies,,30.5,,50.0,6,,1,182.00,300.00,118,BATCH-001,DIPLOMA - NEXT ASSOCIATES,,
234,,,Bellame Peanut Bite Cookies 240g,Biscuits & Cookies,,58,,75.0,3,,,174.00,225.00,51,BATCH-001,DIPLOMA - NEXT ASSOCIATES,,
235,,,Nazirshail 50KG (Rahman),Rice & Grain,50KG Bag,4340,92.0,4600.0,2,,,8680.00,9200.00,520,BATCH-001,S.M Enterprise (Pahartali) ,,
236,,,Nazirshail 25KG (Rahman),Rice & Grain,25KG Bag,2180,96.0,2400.0,8,,,17440.00,19200.00,1760,BATCH-001,S.M Enterprise (Pahartali) ,,
237,,,Nazirshail 25KG (Rupchanda),Rice & Grain,25KG Bag,2040,88.0,2200.0,2,,,4080.00,4400.00,320,BATCH-001,S.M Enterprise (Pahartali) ,,
238,,,Katari Atob 50KG (Rahman),Rice & Grain,50KG Bag,4330,91.0,4550.0,2,,,8660.00,9100.00,440,BATCH-001,S.M Enterprise (Pahartali) ,,
239,,,Katari Atob 25KG (Rahman),Rice & Grain,25KG Bag,2175,90.0,2250.0,8,,,17400.00,18000.00,600,BATCH-001,S.M Enterprise (Pahartali) ,,
240,,,Miniket Atob 50KG (Shonko),Rice & Grain,50KG Bag,3200,70.0,3500.0,2,,,6400.00,7000.00,600,BATCH-001,S.M Enterprise (Pahartali) ,,
241,,,Miniket Atob 25KG (Shonko),Rice & Grain,25KG Bag,1610,71.2,1780.0,8,,,12880.00,14240.00,1360,BATCH-001,S.M Enterprise (Pahartali) ,,
242,,,ACI Chinigura 50KG,Rice & Grain,50KG Bag,6850,150.0,7500.0,1,,,6850.00,7500.00,650,BATCH-001,S.M Enterprise (Pahartali) ,,
243,,,Katari C 50KG (Nobanno),Rice & Grain,50KG Bag,4120,87.0,4350.0,1,,,4120.00,4350.00,230,BATCH-001,S.M Enterprise (Pahartali) ,,
244,,,Katari C 25KG (Nobanno),Rice & Grain,25KG Bag,2070,87.0,2175.0,4,,,8280.00,8700.00,420,BATCH-001,S.M Enterprise (Pahartali) ,,
245,,,Jirashail 50KG (Nobanno),Rice & Grain,50KG Bag,4020,84.0,4200.0,1,,,4020.00,4200.00,180,BATCH-001,S.M Enterprise (Pahartali) ,,
246,,,Jirashail 25KG (Nobanno),Rice & Grain,25KG Bag,2020,86.0,2150.0,4,,,8080.00,8600.00,520,BATCH-001,S.M Enterprise (Pahartali) ,,
247,,,Basmati 25KG (Golden),Rice & Grain,25KG Bag,1885,100.0,2500.0,2,,,3770.00,5000.00,1230,BATCH-001,S.M Enterprise (Pahartali) ,,
248,,,Miniket C 50KG (Nouka),Rice & Grain,50KG Bag,2640,56.0,2800.0,1,,,2640.00,2800.00,160,BATCH-001,S.M Enterprise (Pahartali) ,,
249,,,Potatoes - alu,Fresh Produce,60KG Bag,13.5,,18.0,120,,,1620.00,2160.00,540,BATCH-001,Mim Enterprise (Pahartali),,
250,,,Onions - piyaj,Fresh Produce,50KG Bag,31,,38.0,103,,,3193.00,3914.00,721,BATCH-001,Mim Enterprise (Pahartali),,
251,,,Ginger - ada,Fresh Produce,20KG Bag,105,,145.0,20,,,2100.00,2900.00,800,BATCH-001,Mim Enterprise (Pahartali),,
252,,,Garlic - roshun,Fresh Produce,20KG Bag,137,,150.0,20,,,2740.00,3000.00,260,BATCH-001,Mim Enterprise (Pahartali),,
253,,,Jirashail 25KG (Nobanno),Rice & Grain,25KG Bag,72.8,,84.0,50,,,3640.00,4200.00,560,BATCH-001,Mim Enterprise (Pahartali),,
254,,,Nazirshail 25KG (Rahman),Rice & Grain,25KG Bag,76.0,,90.0,50,,,3800.00,4500.00,700,BATCH-001,Mim Enterprise (Pahartali),,
255,,,Katari Atob 25KG (Premium),Rice & Grain,25KG Bag,80.8,,89.0,50,,,4040.00,4450.00,410,BATCH-001,Mim Enterprise (Pahartali),,
256,,,Paijam Atob 25KG (Boiled),Rice & Grain,25KG Bag,58.0,,75.0,50,,,2900.00,3750.00,850,BATCH-001,Mim Enterprise (Pahartali),,
257,,,Lentils - Masur Daal,Rice & Grain,50KG Bag,79.0,,109.0,50,,,3950.00,5450.00,1500,BATCH-001,Mim Enterprise (Pahartali),,
258,,,Motor Daal,Rice & Grain,50KG Bag,52.0,,75.0,50,,,2600.00,3750.00,1150,BATCH-001,Mim Enterprise (Pahartali),,
259,,,Shewkaran Rice 50KG,Rice & Grain,50KG Bag,53.5,,60.0,100,,,5350.00,6000.00,650,BATCH-001,Mim Enterprise (Pahartali),,
260,,,Salt,Cooking Needs,50KG Bag,31.6,,40.0,50,,,1580.00,2000.00,420,BATCH-001,Mim Enterprise (Pahartali),,
261,,,Sugar,Cooking Needs,50KG Bag,99,,104.0,50,,,4950.00,5200.00,250,BATCH-001,Mim Enterprise (Pahartali),,
262,,,Jirashail 25KG (Bashir),Rice & Grain,25KG Bag,72,,82.0,50,,,3600.00,4100.00,500,BATCH-001,Mim Enterprise (Pahartali),,
263,,,Moida - loose,Cooking Needs,50KG Bag,40,,59.0,50,,,2000.00,2950.00,950,BATCH-001,Mim Enterprise (Pahartali),,
264,,,Ata - loose,Cooking Needs,50KG Bag,35,,49.0,50,,,1750.00,2450.00,700,BATCH-001,Mim Enterprise (Pahartali),,
265,,,Chona Boot,Cooking Needs,25KG Bag,76,,80.0,25,,,1900.00,2000.00,100,BATCH-001,Mim Enterprise (Pahartali),,
266,,,Rupchanda Soyabean Oil 1L,Cooking Needs,1L,189,,195.0,16,,,3024.00,3120.00,96,BATCH-001,Rupchanda - SS Trade International,,
267,,,Rupchanda Soyabean Oil 2L,Cooking Needs,2L,384,,390.0,9,,,3456.00,3510.00,54,BATCH-001,Rupchanda - SS Trade International,,
268,,,Rupchanda Soyabean Oil 5L,Cooking Needs,5L,940,,955.0,8,,,7520.00,7640.00,120,BATCH-001,Rupchanda - SS Trade International,,
269,,,Fortune Rice Bran Oil 2L,Cooking Needs,2L,434,,458.0,2,,,868.00,916.00,48,BATCH-001,Rupchanda - SS Trade International,,
270,,,Fortune Rice Bran Oil 5L,Cooking Needs,5L,1095,,1120.0,2,,,2190.00,2240.00,50,BATCH-001,Rupchanda - SS Trade International,,
271,,,Kings Pure Sunflower Oil 2L,Cooking Needs,2L,710,,800.0,1,,,710.00,800.00,90,BATCH-001,Rupchanda - SS Trade International,,
272,,,Fortune Mustard Oil 80ml ,Cooking Needs,,27,,35.0,12,,,324.00,420.00,96,BATCH-001,Rupchanda - SS Trade International,,
273,,,Fortune Mustard Oil 250ml ,Cooking Needs,,75,,85.0,2,,,150.00,170.00,20,BATCH-001,Rupchanda - SS Trade International,,
274,,,Fortune Mustard Oil 1L,Cooking Needs,,296,,350.0,3,,,888.00,1050.00,162,BATCH-001,Rupchanda - SS Trade International,,
275,,,Fortune Mustard Oil 5L,Cooking Needs,,1100,,1200.0,1,,,1100.00,1200.00,100,BATCH-001,Rupchanda - SS Trade International,,
276,,,Rupchanda Chinigura Rice 1KG,Rice & Grain,1KG Bag,148,,175.0,10,,,1480.00,1750.00,270,BATCH-001,Rupchanda - SS Trade International,,
277,,,Fortune Basmati Rice 1KG,Rice & Grain,1KG Bag,330,,400.0,2,,,660.00,800.00,140,BATCH-001,Rupchanda - SS Trade International,,
278,,,Kitkat 1 Finger,Chocolates & Candies,,24,,30.0,42,,,1008.00,1260.00,252,,,,
279,,,Kitkat 3 Finger,Chocolates & Candies,,52,,65.0,21,,100,992.00,1365.00,373,,,,
280,,,Kitkat 4 Finger,Chocolates & Candies,,68,,115.0,28,,70,1834.00,3220.00,1386,,,,
281,,,Taaqa Juice,Beverages,,24,,30.0,60,,,1440.00,1800.00,360,,,,
282,,,Nutrilife Can ,Beverages,,50,,60.0,4,,,200.00,240.00,40,,,,
283,,,Nutrilife Mango Juice 160ML,Beverages,,36,,45.0,6,,,216.00,270.00,54,,,,
284,,,Nutrilife Orange Juice 160ML ,Beverages,,36,,45.0,6,,,216.00,270.00,54,,,,
285,,,Nutrilife Mango Juice 1L,Beverages,,227,,295.0,1,,,227.00,295.00,68,,,,
286,,,Nutrilife Orange Juice 1L,Beverages,,227,,295.0,2,,,454.00,590.00,136,,,,
287,,,Nutrilife Pomegranate 1L,Beverages,,292,,350.0,1,,,292.00,350.00,58,,,,
288,,,Nutrilife Cranberry 1L,Beverages,,330,,360.0,1,,,330.00,360.00,30,,,,
289,,,Oats Bar,Chocolates & Candies,,103,,120.0,3,,,309.00,360.00,51,,,,
290,,,Center Fresh Chewing Gum,Chocolates & Candies,,25,,30.0,24,,,600.00,720.00,120,,,,
291,,,Isubgul,Grocery,,74,,85.0,10,,,740.00,850.00,110,,,,
292,,,Tastemaker - Tasting Salt,Cooking Needs,,42,,50.0,12,,,504.00,600.00,96,,,,
293,,,Mentos,Chocolates & Candies,,33.33,,40.0,24,,,799.92,960.00,160,,,,
294,,,Meridian Chicken Chips,Snacks,,17,,20.0,24,,,408.00,480.00,72,,,,
295,,,Meridian Shrimp Chips,Snacks,,17,,20.0,24,,,408.00,480.00,72,,,,
296,,,Real Potato Chips (American Tomato),Snacks,,14.16,,20.0,24,,,339.84,480.00,140,,,,
297,,,Chicken Sticks -1,Snacks,,14.16,,20.0,24,,,339.84,480.00,140,,,,
298,,,Nimki Small,Snacks,,6.66,,10.0,24,,,159.84,240.00,80,,,,
299,,,Nimki Big,Snacks,,45,,60.0,6,,,270.00,360.00,90,,,,
300,,,Eggs - Red (Loose),Cooking Needs,,8.5,,8.8,210,,,1785.00,1837.50,53,,,,
301,,,Eggs - White (Loose),Cooking Needs,,7.8,,8.8,60,,,468.00,525.00,57,,,,