Handle,SKU,Name,Category,Description,Sold by weight,Option 1 name,Option 1 value,Option 2 name,Option 2 value,Option 3 name,Option 3 value,Cost,Barcode,SKU of included item,Quantity of included item,Track stock,Available for sale [Lucky Store],Price [Lucky Store],In stock [Lucky Store],Low stock [Lucky Store],Generated SKU
pepsodent-advanced-salt-70g,PER-PEPS-ADVA-70G,Pepsodent Advanced Salt 70g,Personal Care,Toothpaste 70g,False,,,,,,,78.67,,,,True,True,90.0,6,5,PER-PEPS-ADVA-70G
pepsodent-advanced-salt-140g,PER-PEPS-ADVA-140G,Pepsodent Advanced Salt 140g,Personal Care,Toothpaste 140g,False,,,,,,,140.47,,,,True,True,160.0,6,5,PER-PEPS-ADVA-140G
pepsodent-germicheck-85g,PER-PEPS-GERM-85G,Pepsodent Germicheck 85g,Personal Care,Toothpaste 80g,False,,,,,,,83.03,,,,True,True,95.0,12,5,PER-PEPS-GERM-85G
pepsodent-sensitive-expert-140,PER-PEPS-SENS,Pepsodent Sensitive Expert 140,Personal Care,Toothpaste 140g,False,,,,,,,183.33,,,,True,True,220.0,2,5,PER-PEPS-SENS-140
pepsodent-germicheck-40g,PER-PEPS-GERM-40G,Pepsodent Germicheck 40g,Personal Care,Toothpaste 40g,False,,,,,,,43.75,,,,True,True,50.0,12,5,PER-PEPS-GERM-40G
pepsodent-sensitive-gum-care-140g,PER-PEPS-SENS-140G,Pepsodent Sensitive Gum Care 140g,Personal Care,Toothpaste 140g,False,,,,,,,208.33,,,,True,True,240.0,2,5,PER-PEPS-SENS-140G
pepsodent-germicheck-190g,PER-PEPS-GERM-190G,Pepsodent Germicheck 190g,Personal Care,Toothpaste 190g,False,,,,,,,149.24,,,,True,True,170.0,13,5,PER-PEPS-GERM-190G
pepsodent-sensitive-expert-fresh-15g,PER-PEPS-SENS-15G,Pepsodent Sensitive Expert Fresh 15g,Personal Care,Toothpaste 15g,False,,,,,,,10.65,,,,True,True,15.0,13,5,PER-PEPS-SENS-15G
sunsilk-shampoo-hair-fall-solution,PER-SUNS-SHAM,Sunsilk Shampoo Hair Fall Solution,Personal Care,Shampoo 5.25ml,False,,,,,,,2.58,,,,True,True,5.0,36,5,PER-SUNS-SHAM-STD
sunsilk-shampoo-thick-long-5-25,PER-SUNS-SHAM,Sunsilk Shampoo Thick & Long 5.25,Personal Care,Shampoo 5.25ml,False,,,,,,,2.58,,,,True,True,5.0,36,5,PER-SUNS-SHAM-5.25
sunsilk-conditioner-hair-fall-solution-8ml,PER-SUNS-COND-8ML,Sunsilk Conditioner Hair Fall Solution 8ml,Personal Care,Conditioner 8ml,False,,,,,,,3.5,,,,True,True,5.0,36,5,PER-SUNS-COND-8ML
sunsilk-shampoo-black-shine-5-25ml,PER-SUNS-SHAM-5.25ML,Sunsilk Shampoo Black Shine 5.25ml,Personal Care,Shampoo 5.25ml,False,,,,,,,2.58,,,,True,True,5.0,72,5,PER-SUNS-SHAM-5.25ML
sunsilk-shampoo-black-shine-330ml,PER-SUNS-SHAM-330ML,Sunsilk Shampoo Black Shine 330ml,Personal Care,Shampoo 330ml,False,,,,,,,307.13,,,,True,True,355.0,2,5,PER-SUNS-SHAM-330ML
sunsilk-hairfall-solution-170ml,PER-SUNS-HAIR-170ML,Sunsilk Hairfall Solution 170ml,Personal Care,Shampoo 170ml,False,,,,,,,158.14,,,,True,True,185.0,3,5,PER-SUNS-HAIR-170ML
sunsilk-black-shine-170ml,PER-SUNS-BLAC-170ML,Sunsilk Black Shine 170ml,Personal Care,Shampoo 170ml,False,,,,,,,158.14,,,,True,True,185.0,3,5,PER-SUNS-BLAC-170ML
sunsilk-hijab-refresh-340ml,PER-SUNS-HIJA-340ML,Sunsilk Hijab Refresh 340ml,Personal Care,Shampoo 340ml,False,,,,,,,364.24,,,,True,True,420.0,2,5,PER-SUNS-HIJA-340ML
sunsilk-shampoo-thick-long-340ml,PER-SUNS-SHAM-340ML,Sunsilk Shampoo Thick & Long 340ml,Personal Care,Shampoo 340ml,False,,,,,,,307.13,,,,True,True,355.0,2,5,PER-SUNS-SHAM-340ML
sunsilk-shampoo-thick-long-170ml,PER-SUNS-SHAM-170ML,Sunsilk Shampoo Thick & Long 170ml,Personal Care,Shampoo 170ml,False,,,,,,,158.14,,,,True,True,185.0,3,5,PER-SUNS-SHAM-170ML
sunsilk-shampoo-black-shine-80ml,PER-SUNS-SHAM-80ML,Sunsilk Shampoo Black Shine 80ml,Personal Care,Shampoo 80ml,False,,,,,,,79.3,,,,True,True,95.0,3,5,PER-SUNS-SHAM-80ML
sunsilk-hairfall-solution-340ml,PER-SUNS-HAIR-340ML,Sunsilk Hairfall Solution 340ml,Personal Care,Shampoo 340ml,False,,,,,,,307.13,,,,True,True,355.0,2,5,PER-SUNS-HAIR-340ML
sunsilk-shampoo-onion-375ml,PER-SUNS-SHAM-375ML,Sunsilk Shampoo Onion 375ml,Personal Care,Shampoo 375ml,False,,,,,,,364.27,,,,True,True,418.9,2,5,PER-SUNS-SHAM-375ML
sunsilk-conditioner-hair-fall-solution-180ml,PER-SUNS-COND-180ML,Sunsilk Conditioner Hair Fall Solution 180ml,Personal Care,Shampoo 180ml,False,,,,,,,176.21,,,,True,True,200.0,3,5,PER-SUNS-COND-180ML
sunsilk-shampoo-volume-375ml,PER-SUNS-SHAM-375ML,Sunsilk Shampoo Volume 375ml,Personal Care,Shampoo 375ml,False,,,,,,,364.24,,,,True,True,420.0,2,5,PER-SUNS-SHAM-375ML
clear-shampoo-complete-active-care-5-5ml,PER-CLEA-SHAM-5.5ML,Clear Shampoo Complete Active Care 5.5ml,Personal Care,Shampoo 5.5ml,False,,,,,,,3.43,,,,True,True,3.9,36,5,PER-CLEA-SHAM-5.5ML
clear-shampoo-anti-hair-fall-330ml,PER-CLEA-SHAM-330ML,Clear Shampoo Anti Hair Fall 330ml,Personal Care,Shampoo 330ml,False,,,,,,,347.49,,,,True,True,400.0,2,5,PER-CLEA-SHAM-330ML
clear-shampoo-complete-active-care-170ml,PER-CLEA-SHAM-170ML,Clear Shampoo Complete Active Care 170ml,Personal Care,Shampoo 170ml,False,,,,,,,207.5,,,,True,True,235.0,3,5,PER-CLEA-SHAM-170ML
clear-shampoo-complete-active-care-330ml,PER-CLEA-SHAM-330ML,Clear Shampoo Complete Active Care 330ml,Personal Care,Shampoo 330ml,False,,,,,,,347.4,,,,True,True,400.0,2,5,PER-CLEA-SHAM-330ML
clear-shampoo-cool-sport-menthol-5ml,PER-CLEA-SHAM-5ML,Clear Shampoo Cool Sport Menthol 5ml,Personal Care,Shampoo 5ml,False,,,,,,,4.29,,,,True,True,5.0,72,5,PER-CLEA-SHAM-5ML
clear-shampoo-cool-sport-menthol-170ml,PER-CLEA-SHAM-170ML,Clear Shampoo Cool Sport Menthol 170ml,Personal Care,Shampoo 170ml,False,,,,,,,230.49,,,,True,True,265.0,3,5,PER-CLEA-SHAM-170ML
clear-shampoo-cool-sport-menthol-330ml,PER-CLEA-SHAM-330ML,Clear Shampoo Cool Sport Menthol 330ml,Personal Care,Shampoo 330ml,False,,,,,,,425.82,,,,True,True,490.0,3,5,PER-CLEA-SHAM-330ML
clear-shampoo-cool-sport-menthol-80ml,PER-CLEA-SHAM-80ML,Clear Shampoo Cool Sport Menthol 80ml,Personal Care,Shampoo 80ml,False,,,,,,,103.0,,,,True,True,120.0,3,5,PER-CLEA-SHAM-80ML
dove-shampoo-intensive-repair-6ml,PER-DOVE-SHAM-6ML,Dove Shampoo Intensive Repair 6ml,Personal Care,Shampoo 6ml,False,,,,,,,3.43,,,,True,True,5.0,36,5,PER-DOVE-SHAM-6ML
dove-shampoo-hairfall-rescue-6ml,PER-DOVE-SHAM-6ML,Dove Shampoo Hairfall Rescue 6ml,Personal Care,Shampoo 6ml,False,,,,,,,3.43,,,,True,True,5.0,36,5,PER-DOVE-SHAM-6ML
dove-conditioner-intensive-repair-7ml,PER-DOVE-COND-7ML,Dove Conditioner Intensive Repair 7ml,Personal Care,Conditioner 7ml,False,,,,,,,4.29,,,,True,True,5.0,36,5,PER-DOVE-COND-7ML
dove-shampoo-hairfall-rescue-170ml,PER-DOVE-SHAM-170ML,Dove Shampoo Hairfall Rescue 170ml,Personal Care,Shampoo 170ml,False,,,,,,,171.2,,,,True,True,200.0,2,5,PER-DOVE-SHAM-170ML
dove-shampoo-intensive-repair-170ml,PER-DOVE-SHAM-170ML,Dove Shampoo Intensive Repair 170ml,Personal Care,Shampoo 170ml,False,,,,,,,171.2,,,,True,True,200.0,2,5,PER-DOVE-SHAM-170ML
dove-shampoo-intensive-repair-330ml,PER-DOVE-SHAM-330ML,Dove Shampoo Intensive Repair 330ml,Personal Care,Shampoo 330ml,False,,,,,,,376.33,,,,True,True,435.0,2,5,PER-DOVE-SHAM-330ML
dove-shampoo-nourishing-oil-170ml,PER-DOVE-SHAM-170ML,Dove Shampoo Nourishing Oil 170ml,Personal Care,Oil 170ml,False,,,,,,,171.2,,,,True,True,200.0,2,5,PER-DOVE-SHAM-170ML
dove-conditioner-hairfall-rescue-170ml,PER-DOVE-COND-170ML,Dove Conditioner Hairfall Rescue 170ml,Personal Care,Conditioner 170ml,False,,,,,,,232.0,,,,True,True,265.0,2,5,PER-DOVE-COND-170ML
dove-shampoo-oxygen-moisture-330ml,PER-DOVE-SHAM-330ML,Dove Shampoo Oxygen Moisture 330ml,Personal Care,Shampoo 330ml,False,,,,,,,376.33,,,,True,True,435.0,2,5,PER-DOVE-SHAM-330ML
dove-conditioner-intensive-repair-50ml,PER-DOVE-COND-50ML,Dove Conditioner Intensive Repair 50ml,Personal Care,Conditoner 50ml,False,,,,,,,24.0,,,,True,True,30.0,2,5,PER-DOVE-COND-50ML
dove-shampoo-intensive-repair-330ml,PER-DOVE-SHAM-330ML,Dove Shampoo Intensive Repair 330ml,Personal Care,Shampoo 330ml,False,,,,,,,376.33,,,,True,True,435.0,2,5,PER-DOVE-SHAM-330ML
tresemme-shampoo-color-revitalized-580ml,PER-TRES-SHAM-580ML,Tresemme Shampoo Color Revitalized 580ml,Personal Care,Shampoo 580ml,False,,,,,,,602.5,,,,True,True,700.0,1,5,PER-TRES-SHAM-580ML
tresemme-shampoo-keratin-smooth-340ml,PER-TRES-SHAM-340ML,Tresemme Shampoo Keratin Smooth 340ml,Personal Care,Shampoo 340ml,False,,,,,,,458.1,,,,True,True,525.0,1,5,PER-TRES-SHAM-340ML
tresemme-shampoo-keratin-smooth-185ml,PER-TRES-SHAM-185ML,Tresemme Shampoo Keratin Smooth 185ml,Personal Care,Shampoo 185ml,False,,,,,,,298.58,,,,True,True,345.0,1,5,PER-TRES-SHAM-185ML
tresemme-keratin-190ml,PER-TRES-KERA-190ML,Tresemme Keratin 190ml,Personal Care,Conditioner 190ml,False,,,,,,,256.0,,,,True,True,300.0,1,5,PER-TRES-KERA-190ML
pond-oil-control-50g,PER-POND-OILX-50G,Pond Oil Control 50g,Personal Care,Facewash 50g,False,,,,,,,75.02,,,,True,True,85.0,1,5,PER-POND-OIL-50G
ponds-white-beauty-50g,PER-POND-WHIT-50G,Ponds White Beauty 50g,Personal Care,Facewash 50g,False,,,,,,,90.75,,,,True,True,100.0,1,5,PER-POND-WHIT-50G
ponds-pure-white-100g,PER-POND-PURE-100G,Ponds Pure White 100g,Personal Care,Facewash 100g,False,,,,,,,156.34,,,,True,True,180.0,2,5,PER-POND-PURE-100G
ponds-white-beauty-100g,PER-POND-WHIT-100G,Ponds White Beauty 100g,Personal Care,Facewash 100g,False,,,,,,,157.0,,,,True,True,180.0,2,5,PER-POND-WHIT-100G
ponds-pure-white-50g,PER-POND-PURE-50G,Ponds Pure White 50g,Personal Care,Facewash 50g,False,,,,,,,94.0,,,,True,True,110.0,1,5,PER-POND-PURE-50G
ponds-oil-control-100g,PER-POND-OILX-100G,Ponds Oil Control 100g,Personal Care,Facewash 100g,False,,,,,,,157.0,,,,True,True,180.0,2,5,PER-POND-OIL-100G
pond-daily-100g,PER-POND-DAIL-100G,Pond Daily 100g,Personal Care,Facewash 100g,False,,,,,,,135.0,,,,True,True,155.0,2,5,PER-POND-DAIL-100G
ponds-light-50ml,PER-POND-LIGH-50ML,Ponds Light 50ml,Personal Care,Moisturizer 50ml,False,,,,,,,160.0,,,,True,True,185.0,3,5,PER-POND-LIGH-50ML
ponds-superlight-gel-50ml,PER-POND-SUPE-50ML,Ponds Superlight Gel 50ml,Personal Care,,False,,,,,,,160.0,,,,True,True,185.0,3,5,PER-POND-SUPE-50ML
ponds-superlight-gel-100ml,PER-POND-SUPE-100ML,Ponds Superlight Gel 100ml,Personal Care,,False,,,,,,,271.99,,,,True,True,310.0,3,5,PER-POND-SUPE-100ML
ponds-daily-50g,PER-POND-DAIL-50G,Ponds Daily 50g,Personal Care,Facewash,False,,,,,,,72.0,,,,True,True,85.0,1,5,PER-POND-DAIL-50G
ponds-skin-cream-white-beauty-35g,PER-POND-SKIN-35G,Ponds Skin Cream White Beauty 35g,Personal Care,Cream 35g,False,,,,,,,215.0,,,,True,True,250.0,3,5,PER-POND-SKIN-35G
ponds-bright-beauty-50g,PER-POND-BRIG-50G,Ponds Bright Beauty 50g,Personal Care,Cream 50g,False,,,,,,,355.0,,,,True,True,410.0,3,5,PER-POND-BRIG-50G
lifebouy-liquid-total-200ml,PER-LIFE-LIQU-200ML,Lifebouy Liquid Total 200ml,Personal Care,Handwash 200ml,False,,,,,,,105.52,,,,True,True,125.0,4,5,PER-LIFE-LIQU-200ML
lifebouy-liquid-care-170ml,PER-LIFE-LIQU-170ML,Lifebouy Liquid Care 170ml,Personal Care,Handwash 170ml,False,,,,,,,78.8,,,,True,True,90.0,18,5,PER-LIFE-LIQU-170ML
lifebouy-health-care-150g,PER-LIFE-HEAL-150G,Lifebouy Health Care 150g,Personal Care,Soap 150g,False,,,,,,,73.46,,,,True,True,85.0,24,5,PER-LIFE-HEAL-150G
lifebouy-health-care-90g,PER-LIFE-HEAL-90G,Lifebouy Health Care 90g,Personal Care,Soap 90g,False,,,,,,,49.15,,,,True,True,60.0,24,5,PER-LIFE-HEAL-90G
lifebouy-liquid-lemon-fresh-200ml,PER-LIFE-LIQU-200ML,Lifebouy Liquid Lemon Fresh 200ml,Personal Care,Handwash 200ml,False,,,,,,,105.52,,,,True,True,120.0,4,5,PER-LIFE-LIQU-200ML
lifebouy-liquid-handwash-care-200g,PER-LIFE-LIQU-200G,Lifebouy Liquid Handwash Care 200g,Personal Care,Handwash 200ml,False,,,,,,,105.52,,,,True,True,120.0,4,5,PER-LIFE-LIQU-200G
lifebouy-liquid-lemon-fresh-170ml,PER-LIFE-LIQU-170ML,Lifebouy Liquid Lemon Fresh 170ml,Personal Care,Handwash 200ml,False,,,,,,,78.8,,,,True,True,90.0,18,5,PER-LIFE-LIQU-170ML
lifebouy-health-soap-lemon-fresh-150g,PER-LIFE-HEAL-150G,Lifebouy Health Soap Lemon Fresh 150g,Personal Care,Soap 150g,False,,,,,,,73.46,,,,True,True,85.0,24,5,PER-LIFE-HEAL-150G
lifebouy-health-soap-total-90g,PER-LIFE-HEAL-90G,Lifebouy Health Soap Total 90g,Personal Care,Soap 90g,False,,,,,,,49.15,,,,True,True,55.0,24,5,PER-LIFE-HEAL-90G
lifebouy-health-soap-lemon-fresh-90g,PER-LIFE-HEAL-90G,Lifebouy Health Soap Lemon Fresh 90g,Personal Care,Soap 90g,False,,,,,,,49.15,,,,True,True,55.0,24,5,PER-LIFE-HEAL-90G
lifebouy-health-soap-total-150g,PER-LIFE-HEAL-150G,Lifebouy Health Soap Total 150g,Personal Care,Soap 150g,False,,,,,,,73.46,,,,True,True,85.0,24,5,PER-LIFE-HEAL-150G
lux-soap-velvet-touch-90g,PER-LUXX-SOAP-90G,Lux Soap Velvet Touch 90g,Personal Care,Soap 90g,False,,,,,,,53.52,,,,True,True,60.0,54,5,PER-LUX-SOAP-90G
lux-soap-soft-touch-75g,PER-LUXX-SOAP-75G,Lux Soap Soft Touch 75g,Personal Care,Soap 90g,False,,,,,,,44.21,,,,True,True,50.0,54,5,PER-LUX-SOAP-75G
lux-soap-soft-touch-90g,PER-LUXX-SOAP-90G,Lux Soap Soft Touch 90g,Personal Care,Soap 90g,False,,,,,,,53.52,,,,True,True,60.0,54,5,PER-LUX-SOAP-90G
lux-soap-velvet-touch-150g,PER-LUXX-SOAP-150G,Lux Soap Velvet Touch 150g,Personal Care,Soap 150g,False,,,,,,,80.2,,,,True,True,90.0,33,5,PER-LUX-SOAP-150G
lux-soap-velvet-touch-75g,PER-LUXX-SOAP-75G,Lux Soap Velvet Touch 75g,Personal Care,Soap 75g,False,,,,,,,44.21,,,,True,True,50.0,54,5,PER-LUX-SOAP-75G
lux-soap-soft-touch-150g,PER-LUXX-SOAP-150G,Lux Soap Soft Touch 150g,Personal Care,Soap 150g,False,,,,,,,80.2,,,,True,True,90.0,36,5,PER-LUX-SOAP-150G
lux-soap-soft-touch-25g,PER-LUXX-SOAP-25G,Lux Soap Soft Touch 25g,Personal Care,Soap 25g,False,,,,,,,12.81,,,,True,True,15.0,72,5,PER-LUX-SOAP-25G
dove-cream-bar-135g,PER-DOVE-CREA-135G,Dove Cream Bar 135g,Personal Care,Soap 135g,False,,,,,,,129.98,,,,True,True,150.0,6,5,PER-DOVE-CREA-135G
dove-cream-pink-bar-135g,PER-DOVE-CREA-135G,Dove Cream Pink Bar 135g,Personal Care,Soap 135g,False,,,,,,,129.98,,,,True,True,150.0,6,5,PER-DOVE-CREA-135G
dove-cream-bar-90g,PER-DOVE-CREA-90G,Dove Cream Bar 90g,Personal Care,Soap 90g,False,,,,,,,99.01,,,,True,True,115.0,6,5,PER-DOVE-CREA-90G
dove-cream-pink-bar-90g,PER-DOVE-CREA-90G,Dove Cream Pink Bar 90g,Personal Care,Soap 25g,False,,,,,,,99.01,,,,True,True,115.0,6,5,PER-DOVE-CREA-90G
dove-cream-bar-50g,PER-DOVE-CREA-50G,Dove Cream Bar 50g,Personal Care,Soap 25g,False,,,,,,,57.0,,,,True,True,65.0,6,5,PER-DOVE-CREA-50G
boost-standard-jar-400g,BEV-BOOS-STAN-400G,Boost Standard Jar 400g,Beverages,Powdered Drink 400g,False,,,,,,,514.02,,,,True,True,600.0,6,5,BEV-BOOS-STAN-400G
maltova-400g,BEV-MALT-GXXX-400G,Maltova 400g,Beverages,Powdered Drink 400g,False,,,,,,,514.02,,,,True,True,600.0,6,5,BEV-MALT-400G-400G
horlicks-pouch-400g,BEV-HORL-POUC-400G,Horlicks Pouch 400g,Beverages,Powdered Drink 350g,False,,,,,,,327.1,,,,True,True,375.0,6,5,BEV-HORL-POUC-400G
mother-horlicks-350g,BEV-MOTH-HORL-350G,Mother Horlicks 350g,Beverages,Powdered Drink 350g,False,,,,,,,579.44,,,,True,True,670.0,3,5,BEV-MOTH-HORL-350G
junior-horlicks-stage-ii-500g,BEV-JUNI-HORL-500G,Junior Horlicks Stage II 500g,Beverages,Powdered Drink 500g,False,,,,,,,514.02,,,,True,True,590.0,3,5,BEV-JUNI-HORL-500G
junior-horlicks-stage-i-500g,BEV-JUNI-HORL-500G,Junior Horlicks Stage I 500g,Beverages,Powdered Drink 500g,False,,,,,,,514.02,,,,True,True,590.0,3,5,BEV-JUNI-HORL-500G
standard-horlicks-jar-1000g,BEV-STAN-HORL-1000G,Standard Horlicks Jar 1000g,Beverages,Powdered Drink 1000g,False,,,,,,,840.02,,,,True,True,960.0,6,5,BEV-STAN-HORL-1000G
standard-horlicks-jar-250g,BEV-STAN-HORL-250G,Standard Horlicks Jar 250g,Beverages,Powdered Drink 250g,False,,,,,,,263.01,,,,True,True,300.0,6,5,BEV-STAN-HORL-250G
standard-horlicks-jar-18g,BEV-STAN-HORL-18G,Standard Horlicks Jar 18g,Beverages,Powdered Drink 18g,False,,,,,,,18.0,,,,True,True,20.0,36,5,BEV-STAN-HORL-18G
standard-horlicks-jar-500g,BEV-STAN-HORL-500G,Standard Horlicks Jar 500g,Beverages,Powdered Drink 500g,False,,,,,,,467.98,,,,True,True,540.0,6,5,BEV-STAN-HORL-500G
go-handsome-facewash-men-100g,PER-GOXX-HAND-100G,Go & Handsome Facewash Men 100g,Personal Care,Facewash 100g,False,,,,,,,146.09,,,,True,True,168.0,2,5,PER-GO-&-100G
go-handsome-facewash-men-50g,PER-GOXX-HAND-50G,Go & Handsome Facewash Men 50g,Personal Care,Facewash 50g,False,,,,,,,146.09,,,,True,True,168.0,2,5,PER-GO-&-50G
go-handsome-skin-cream-men-25g,PER-GOXX-HAND-25G,Go & Handsome Skin Cream Men 25g,Personal Care,Cream 25g,False,,,,,,,112.0,,,,True,True,130.0,2,5,PER-GO-&-25G
go-handsome-skin-cream-men-50g,PER-GOXX-HAND-50G,Go & Handsome Skin Cream Men 50g,Personal Care,Cream 50g,False,,,,,,,92.89,,,,True,True,105.0,2,5,PER-GO-&-50G
knorr-soup-31g,PAC-KNOR-SOUP-31G,Knorr Soup 31g,Packaged Food,Packet Soup 31g,False,,,,,,,143.7,,,,True,True,165.0,2,5,PAC-KNOR-SOUP-31G
knorr-soup-chicken-corn-24g,PAC-KNOR-SOUP-24G,Knorr Soup Chicken Corn 24g,Packaged Food,Packet Soup 24g,False,,,,,,,49.55,,,,True,True,60.0,12,5,PAC-KNOR-SOUP-24G
knorr-soup-thai-28g,PAC-KNOR-SOUP-28G,Knorr Soup Thai 28g,Packaged Food,Packet Soup 28g,False,,,,,,,49.55,,,,True,True,60.0,12,5,PAC-KNOR-SOUP-28G
close-up-toothpaste-sea-salt-140g,PER-CLOS-UPXX-140G,Close Up Toothpaste Sea Salt 140g,Personal Care,Toothpaste 140g,False,,,,,,,149.25,,,,True,True,170.0,6,5,PER-CLOS-UP-140G
close-up-menthol-fresh-toothpaste-85g,PER-CLOS-UPXX-85G,Close Up Menthol Fresh Toothpaste 85g,Personal Care,Toothpaste 85g,False,,,,,,,92.09,,,,True,True,105.0,6,5,PER-CLOS-UP-85G
close-up-menthol-fresh-toothpaste-38g,PER-CLOS-UPXX-38G,Close Up Menthol Fresh Toothpaste 38g,Personal Care,Toothpaste 38g,False,,,,,,,44.25,,,,True,True,50.0,12,5,PER-CLOS-UP-38G
close-up-menthol-fresh-toothpaste-145g,PER-CLOS-UPXX-145G,Close Up Menthol Fresh Toothpaste 145g,Personal Care,Toothpaste 145g,False,,,,,,,136.07,,,,True,True,155.0,12,5,PER-CLOS-UP-145G
close-up-menthol-fresh-toothpaste-7g,PER-CLOS-UPXX-7G,Close Up Menthol Fresh Toothpaste 7g,Personal Care,Toothpaste 7g,False,,,,,,,2.46,,,,True,True,5.0,12,5,PER-CLOS-UP-7G
lifebouy-liquid-lemon-fresh-170ml,PER-LIFE-LIQU-170ML,Lifebouy Liquid Lemon Fresh 170ml,Personal Care,Liquid Soap 170ml,False,,,,,,,78.8,,,,True,True,90.0,4,5,PER-LIFE-LIQU-170ML
lifebouy-soap-lemon-fresh-150g,PER-LIFE-SOAP-150G,Lifebouy Soap Lemon Fresh 150g,Personal Care,Soap 150g,False,,,,,,,73.46,,,,True,True,85.0,9,5,PER-LIFE-SOAP-150G
lifebouy-hand-soap-total-90g,PER-LIFE-HAND-90G,Lifebouy Hand Soap Total 90g,Personal Care,Soap 90g,False,,,,,,,49.15,,,,True,True,60.0,9,5,PER-LIFE-HAND-90G
lux-soap-soft-touch-75g,PER-LUXX-SOAP-75G,Lux Soap Soft Touch 75g,Personal Care,Soap 75g,False,,,,,,,44.21,,,,True,True,50.0,18,5,PER-LUX-SOAP-75G
lux-soap-velvet-touch-150g,PER-LUXX-SOAP-150G,Lux Soap Velvet Touch 150g,Personal Care,Soap 150g,False,,,,,,,80.2,,,,True,True,90.0,9,5,PER-LUX-SOAP-150G
wheel-fabric-solutions-laundry-soap-125g,CLE-WHEE-FABR-125G,Wheel Fabric Solutions Laundry Soap 125g,Cleaning Supply,rice,False,,,,,,,26.55,,,,True,True,30.0,106,5,CLE-WHEE-FABR-125G
wheel-fabric-solutions-clean-and-fresh-200g,CLE-WHEE-FABR-200G,Wheel Fabric Solutions Clean and Fresh 200g,Cleaning Supply,Laundry Soap 200g,False,,,,,,,27.55,,,,True,True,30.0,72,5,CLE-WHEE-FABR-200G
rin-power-white-200g,CLE-RINX-POWE-200G,Rin Power White 200g,Cleaning Supply,Laundry Soap 200g,False,,,,,,,36.67,,,,True,True,45.0,6,5,CLE-RIN-POWE-200G
rin-fabric-solution-power-bright-500g,CLE-RINX-FABR-500G,Rin Fabric Solution Power Bright 500g,Cleaning Supply,Laundry Soap 500g,False,,,,,,,80.51,,,,True,True,90.0,54,5,CLE-RIN-FABR-500G
rin-fabric-solution-liquid-400ml,CLE-RINX-FABR-400ML,Rin Fabric Solution Liquid 400ml,Cleaning Supply,Laundry Liquid 400ml,False,,,,,,,100.0,,,,True,True,115.0,12,5,CLE-RIN-FABR-400ML
rin-powder-power-bright-1kg,CLE-RINX-POWD-1KG,Rin Powder Power Bright 1kg,Cleaning Supply,Laundry Soap 1kg,False,,,,,,,165.25,,,,True,True,190.0,30,5,CLE-RIN-POWD-1KG
surf-excel-180g,CLE-SURF-EXCE-180G,Surf Excel 180g,Cleaning Supply,Laundry Powder 180g,False,,,,,,,45.0,,,,True,True,50.0,12,5,CLE-SURF-EXCE-180G
surf-excel-500g,CLE-SURF-EXCE-500G,Surf Excel 500g,Cleaning Supply,Laundry Powder 500g,False,,,,,,,108.11,,,,True,True,125.0,60,5,CLE-SURF-EXCE-500G
surf-excel-1000g,CLE-SURF-EXCE-1000G,Surf Excel 1000g,Cleaning Supply,Laundry Powder 1000g,False,,,,,,,211.0,,,,True,True,240.0,30,5,CLE-SURF-EXCE-1000G
surf-excel-matic-liquid-top-1l,CLE-SURF-EXCE-1L,Surf Excel Matic Liquid Top 1L,Cleaning Supply,Laundry Liquid 1L,False,,,,,,,333.33,,,,True,True,380.0,12,5,CLE-SURF-EXCE-1L
surf-excel-matic-liquid-top-500ml,CLE-SURF-EXCE-500ML,Surf Excel Matic Liquid Top 500ml,Cleaning Supply,Laundry Liquid 500ml,False,,,,,,,175.0,,,,True,True,200.0,12,5,CLE-SURF-EXCE-500ML
surf-excel-fabric-solution-quick-wash-18g,CLE-SURF-EXCE-18G,Surf Excel Fabric Solution Quick Wash 18g,Cleaning Supply,Laundry Soap 18g,False,,,,,,,4.5,,,,True,True,5.0,36,5,CLE-SURF-EXCE-18G
vim-dish-washing-bar-125g,CLE-VIMX-DISH-125G,Vim Dish Washing Bar 125g,Cleaning Supply,Dishwashing Bar 125g,False,,,,,,,13.5,,,,True,True,16.0,90,5,CLE-VIM-DISH-125G
vim-dish-washing-bar-300g,CLE-VIMX-DISH-300G,Vim Dish Washing Bar 300g,Cleaning Supply,Dishwashing Bar 300g,False,,,,,,,35.95,,,,True,True,40.0,72,5,CLE-VIM-DISH-300G
vim-dish-washing-liquid-200ml,CLE-VIMX-DISH-200ML,Vim Dish Washing Liquid 200ml,Cleaning Supply,Dishwashing Liquid 200ml,False,,,,,,,44.23,,,,True,True,50.0,36,5,CLE-VIM-DISH-200ML
vim-dish-washing-liquid-475ml,CLE-VIMX-DISH-475ML,Vim Dish Washing Liquid 475ml,Cleaning Supply,Dishwashing Liquid 475ml,False,,,,,,,115.0,,,,True,True,135.0,24,5,CLE-VIM-DISH-475ML
vim-dish-washing-liquid-1l,CLE-VIMX-DISH-1L,Vim Dish Washing Liquid 1L,Cleaning Supply,Dishwashing Liquid 1L,False,,,,,,,207.83,,,,True,True,240.0,6,5,CLE-VIM-DISH-1L
vim-dish-washing-powder-500g,CLE-VIMX-DISH-500G,Vim Dish Washing Powder 500g,Cleaning Supply,Dishwashing Powder 500g,False,,,,,,,45.0,,,,True,True,55.0,12,5,CLE-VIM-DISH-500G
domex-750ml,CLE-DOME-MLXX-750ML,Domex 750ml,Cleaning Supply,Dishwashing Liquid 750ml,False,,,,,,,149.84,,,,True,True,175.0,6,5,CLE-DOME-750M-750ML
domex-500ml,CLE-DOME-MLXX-500ML,Domex 500ml,Cleaning Supply,Dishwashing Liquid 500ml,False,,,,,,,113.0,,,,True,True,130.0,6,5,CLE-DOME-500M-500ML
glucose-350g,BEV-GLUC-GXXX-350G,Glucose 350g,Beverages,Powdered Drink 350g,False,,,,,,,117.0,,,,True,True,135.0,6,5,BEV-GLUC-350G-350G
glucose-mini,BEV-GLUC-MINI,Glucose mini,Beverages,Powdered Drink,False,,,,,,,110.0,,,,True,True,125.0,6,5,BEV-GLUC-MINI-STD
energy-plus-standard-pack,BIS-ENER-PLUS,Energy Plus - Standard Pack,Biscuits & Cookies,,False,,,,,,,13.0,,,,True,True,15.0,24,5,BIS-ENER-PLUS-STD
tip-standard-pack,BIS-TIPX-STAN,Tip -Standard Pack,Biscuits & Cookies,,False,,,,,,,13.0,,,,True,True,15.0,24,5,BIS-TIP--STA-STD
digestive-standard-pack,BIS-DIGE-STAN,Digestive -Standard Pack,Biscuits & Cookies,,False,,,,,,,25.0,,,,True,True,30.0,36,5,BIS-DIGE--STA-STD
nutty-standard-pack,BIS-NUTT-STAN,Nutty - Standard Pack,Biscuits & Cookies,,False,,,,,,,13.0,,,,True,True,15.0,24,5,BIS-NUTT---STD
solecti-cookies-standard-pack,BIS-SOLE-COOK,Solecti Cookies - Standard Pack,Biscuits & Cookies,Check the name,False,,,,,,,16.0,,,,True,True,20.0,24,5,BIS-SOLE-COOK-STD
orange-biscuit-standard-pack,BIS-ORAN-BISC,Orange Biscuit - Standard Pack,Biscuits & Cookies,"(price written 4*24 but charged 8*24, please check with supplier)",False,,,,,,,4.0,,,,True,True,5.0,24,5,BIS-ORAN-BISC-STD
chocolate-plus-classic-pack,BIS-CHOC-PLUS,Chocolate Plus - Classic Pack,Biscuits & Cookies,,False,,,,,,,8.0,,,,True,True,10.0,24,5,BIS-CHOC-PLUS-STD
milk-plus-classic-pack,BIS-MILK-PLUS,Milk Plus - Classic Pack,Biscuits & Cookies,,False,,,,,,,8.0,,,,True,True,10.0,24,5,BIS-MILK-PLUS-STD
hello-cookies-classic-pack,BIS-HELL-COOK,Hello Cookies - Classic Pack,Biscuits & Cookies,,False,,,,,,,8.0,,,,True,True,10.0,24,5,BIS-HELL-COOK-STD
bourbon-cookies-classic-pack,BIS-BOUR-COOK,Bourbon Cookies -Classic Pack,Biscuits & Cookies,,False,,,,,,,115.0,,,,True,True,130.0,8,5,BIS-BOUR-COOK-STD
energy-plus-family-pack,BIS-ENER-PLUS,Energy Plus - Family Pack,Biscuits & Cookies,Check these products if Price & Quantity is matching,False,,,,,,,42.0,,,,True,True,50.0,9,5,BIS-ENER-PLUS-STD
tip-family-pack,BIS-TIPX-FAMI,Tip - Family Pack,Biscuits & Cookies,,False,,,,,,,50.0,,,,True,True,60.0,8,5,BIS-TIP---STD
nutty-family-pack,BIS-NUTT-FAMI,Nutty - Family Pack,Biscuits & Cookies,,False,,,,,,,42.0,,,,True,True,50.0,8,5,BIS-NUTT---STD
milk-mary-family-pack,BIS-MILK-MARY,Milk Mary - Family Pack,Biscuits & Cookies,,False,,,,,,,42.0,,,,True,True,50.0,8,5,BIS-MILK-MARY-STD
lexus-family-pack,BIS-LEXU-FAMI,Lexus - Family Pack,Biscuits & Cookies,,False,,,,,,,20.0,,,,True,True,25.0,70,5,BIS-LEXU---STD
orange-biscuit-family-pack,BIS-ORAN-BISC,Orange Biscuit - Family Pack,Biscuits & Cookies,,False,,,,,,,33.0,,,,True,True,40.0,6,5,BIS-ORAN-BISC-STD
hello-cookies-family-pack,BIS-HELL-COOK,Hello Cookies - Family Pack,Biscuits & Cookies,,False,,,,,,,42.0,,,,True,True,50.0,8,5,BIS-HELL-COOK-STD
dry-cake,BIS-DRYX-CAKE,Dry Cake,Biscuits & Cookies,,False,,,,,,,126.0,,,,True,True,130.0,6,5,BIS-DRY-CAKE-STD
foodie-masala-noodles-8-pack,PAC-FOOD-MASA-8PACK,Foodie Masala Noodles 8 Pack,Packaged Food,,False,,,,,,,105.0,,,,True,True,120.0,12,5,PAC-FOOD-MASA-8
foodie-masala-noodles-12-pack,PAC-FOOD-MASA-12PACK,Foodie Masala Noodles 12 Pack,Packaged Food,,False,,,,,,,154.0,,,,True,True,170.0,8,5,PAC-FOOD-MASA-12
pulse-mango-masala,CHO-PULS-MANG,Pulse - Mango Masala,Chocolates & Candies,1 Jar,False,,,,,,,300.0,,,,True,True,350.0,1,5,CHO-PULS---STD
kopi-candy,CHO-KOPI-CAND,Kopi - Candy,Chocolates & Candies,1 Jar,False,,,,,,,300.0,,,,True,True,350.0,1,5,CHO-KOPI---STD
pulse-mango-masala,CHO-PULS-MANG,Pulse - Mango Masala,Chocolates & Candies,,False,,,,,,,6.0,,,,True,True,10.0,75,5,CHO-PULS---STD
knock-chocolate-cream,CHO-KNOC-CHOC,Knock Chocolate Cream,Chocolates & Candies,1 Carton,False,,,,,,,741.0,,,,True,True,800.0,1,5,CHO-KNOC-CHOC-STD
knock-milk-cream,CHO-KNOC-MILK,Knock Milk Cream,Chocolates & Candies,1 Carton,False,,,,,,,741.0,,,,True,True,800.0,1,5,CHO-KNOC-MILK-STD
knock-strawberry-cream,CHO-KNOC-STRA,Knock Strawberry Cream,Chocolates & Candies,1 Carton,False,,,,,,,741.0,,,,True,True,800.0,1,5,CHO-KNOC-STRA-STD
toffeeto-chocolate,CHO-TOFF-CHOC,Toffeeto Chocolate,Chocolates & Candies,1 Jar,False,,,,,,,393.0,,,,True,True,450.0,1,5,CHO-TOFF-CHOC-STD
volt-pencil-battery-um-3,ELE-VOLT-PENC,Volt Pencil Battery UM-3,Electronics,,False,,,,,,,14.0,,,,True,True,20.0,60,5,ELE-VOLT-PENC-UM-3
volt-pencil-battery-um-4,ELE-VOLT-PENC,Volt Pencil Battery UM-4,Electronics,,False,,,,,,,24.0,,,,True,True,30.0,25,5,ELE-VOLT-PENC-UM-4
honey-tea-bag-25g,TEA-HONE-TEAX-25G,Honey Tea Bag 25g,Tea & Coffee,Tea Bag 25g,False,,,,,,,139.34,,,,True,True,160.2,6,5,TEA-HONE-TEA-25G
lipton-pure-tea-25g,TEA-LIPT-PURE-25G,Lipton Pure Tea 25g,Tea & Coffee,Tea Bag 25g,False,,,,,,,131.2,,,,True,True,150.9,6,5,TEA-LIPT-PURE-25G
taaza-tea-bag,TEA-TAAZ-TEAX,Taaza Tea Bag,Tea & Coffee,,False,,,,,,,86.37,,,,True,True,95.0,6,5,TEA-TAAZ-TEA-STD
taaza-50g,TEA-TAAZ-GXXX-50G,Taaza 50g,Tea & Coffee,,False,,,,,,,25.75,,,,True,True,29.7,48,5,TEA-TAAZ-50G-50G
taaza-100g,TEA-TAAZ-GXXX-100G,Taaza 100g,Tea & Coffee,,False,,,,,,,52.86,,,,True,True,60.8,24,5,TEA-TAAZ-100G-100G
taaza-400g,TEA-TAAZ-GXXX-400G,Taaza 400g,Tea & Coffee,,False,,,,,,,220.26,,,,True,True,250.0,12,5,TEA-TAAZ-400G-400G
taaza-500g,TEA-TAAZ-GXXX-500G,Taaza 500g,Tea & Coffee,,False,,,,,,,264.32,,,,True,True,300.0,12,5,TEA-TAAZ-500G-500G
taaza-500g-3-star,TEA-TAAZ-GXXX-500G,Taaza 500g 3 star,Tea & Coffee,,False,,,,,,,220.26,,,,True,True,250.0,12,5,TEA-TAAZ-500G-500G
godrej-good-knight-power-activ-machine-refill,PES-GODR-GOOD,Godrej Good Knight Power Activ+ (Machine + Refill),Pest Control,Mosquito Killer,False,,,,,,,156.0,,,,True,True,180.0,3,5,PES-GODR-GOOD-STD
godrej-good-knigth-bullet-machine-refill,PES-GODR-GOOD,Godrej Good Knigth Bullet (Machine+Refill),Pest Control,Mosquito Killer,False,,,,,,,80.0,,,,True,True,95.0,3,5,PES-GODR-GOOD-STD
goodknight-refill-liquid-45ml,PES-GOOD-REFI-45ML,Goodknight Refill Liquid (45ml),Pest Control,45ml,False,,,,,,,107.0,,,,True,True,130.0,6,5,PES-GOOD-REFI-(45ML)
godrej-red-hit-200ml,PES-GODR-REDX-200ML,Godrej Red HIT (200ml),Pest Control,Aerosol 200ml,False,,,,,,,175.0,,,,True,True,200.0,1,5,PES-GODR-RED-(200ML)
godrej-red-hit-400ml,PES-GODR-REDX-400ML,Godrej Red Hit (400ml),Pest Control,Aerosol 400ml,False,,,,,,,310.0,,,,True,True,350.0,1,5,PES-GODR-RED-(400ML)
godrej-black-hit-200ml,PES-GODR-BLAC-200ML,Godrej Black Hit (200ml),Pest Control,Aerosol 200ml,False,,,,,,,200.0,,,,True,True,225.0,1,5,PES-GODR-BLAC-(200ML)
godrej-black-hit-lime-475ml,PES-GODR-BLAC-475ML,Godrej Black Hit/Lime (475ml),Pest Control,Aerosol 475ml,False,,,,,,,330.0,,,,True,True,415.0,1,5,PES-GODR-BLAC-(475ML)
godrej-soap,PER-GODR-SOAP,Godrej Soap,Personal Care,Soap,False,,,,,,,200.0,,,,True,True,230.0,2,5,PER-GODR-SOAP-STD
godrej-powder-hair-dye-black-3g,PER-GODR-POWD-3G,Godrej Powder Hair Dye Black 3g,Personal Care,Hair Color Powder,False,,,,,,,10.83,,,,True,True,15.0,24,5,PER-GODR-POWD-3G
expert-shampoo-hair-color-9g,PER-EXPE-SHAM-9G,Expert Shampoo Hair Color 9g,Personal Care,Hair Color,False,,,,,,,42.0,,,,True,True,50.0,24,5,PER-EXPE-SHAM-9G
expert-shampoo-hair-color-5g,PER-EXPE-SHAM-5G,Expert Shampoo Hair Color 5g,Personal Care,Hair Color,False,,,,,,,25.0,,,,True,True,30.0,24,5,PER-EXPE-SHAM-5G
aer-room-spray,AIR-AERX-ROOM,AER Room Spray,Air Freshner,Cream,False,,,,,,,230.0,,,,True,True,300.0,6,5,AIR-AER-ROOM-STD
aer-pocket-perfume,AIR-AERX-POCK,AER Pocket Perfume,Air Freshner,Perfume,False,,,,,,,60.0,,,,True,True,75.0,36,5,AIR-AER-POCK-STD
godrej-magic-handwash-refill,PER-GODR-MAGI,Godrej Magic Handwash Refill,Personal Care,Handwash Refill,False,,,,,,,25.0,,,,True,True,30.0,40,5,PER-GODR-MAGI-STD
muffin-bread-vanilla-324g,BIS-MUFF-BREA-324G,Muffin Bread Vanilla 324g,Biscuits & Cookies,,False,,,,,,,150.0,,,,True,True,200.0,4,5,BIS-MUFF-BREA-324G
muffin-bread-chocolate-324g,BIS-MUFF-BREA-324G,Muffin Bread Chocolate 324g,Biscuits & Cookies,,False,,,,,,,150.0,,,,True,True,200.0,4,5,BIS-MUFF-BREA-324G
muffin-lata-vanilla-8g,BIS-MUFF-LATA-8G,Muffin Lata Vanilla 8g,Biscuits & Cookies,,False,,,,,,,8.0,,,,True,True,60.0,48,5,BIS-MUFF-LATA-8G
muffin-lata-chocolate-8g,BIS-MUFF-LATA-8G,Muffin Lata Chocolate 8g,Biscuits & Cookies,,False,,,,,,,8.0,,,,True,True,60.0,48,5,BIS-MUFF-LATA-8G
muffin-lata-fruit-8g,BIS-MUFF-LATA-8G,Muffin Lata Fruit 8g,Biscuits & Cookies,,False,,,,,,,8.0,,,,True,True,10.0,24,5,BIS-MUFF-LATA-8G
kazi-toast-250g,BIS-KAZI-TOAS-250G,Kazi Toast 250g,Biscuits & Cookies,,False,,,,,,,50.0,,,,True,True,60.0,6,5,BIS-KAZI-TOAS-250G
slice-pound-cake-vanilla,BIS-SLIC-POUN,Slice Pound Cake Vanilla,Biscuits & Cookies,,False,,,,,,,25.0,,,,True,True,30.0,15,5,BIS-SLIC-POUN-STD
slice-pound-cake-milk,BIS-SLIC-POUN,Slice Pound Cake Milk,Biscuits & Cookies,,False,,,,,,,4.0,,,,True,True,5.0,72,5,BIS-SLIC-POUN-STD
slice-pound-cake-chocolate,BIS-SLIC-POUN,Slice Pound Cake Chocolate,Biscuits & Cookies,,False,,,,,,,29.0,,,,True,True,35.0,15,5,BIS-SLIC-POUN-STD
pound-cake-vanilla,BIS-POUN-CAKE,Pound Cake Vanilla,Biscuits & Cookies,,False,,,,,,,100.0,,,,True,True,115.0,5,5,BIS-POUN-CAKE-STD
pound-cake-chocolate,BIS-POUN-CAKE,Pound Cake Chocolate,Biscuits & Cookies,,False,,,,,,,100.0,,,,True,True,115.0,5,5,BIS-POUN-CAKE-STD
pound-cake-fruit,BIS-POUN-CAKE,Pound Cake Fruit,Biscuits & Cookies,,False,,,,,,,108.0,,,,True,True,125.0,5,5,BIS-POUN-CAKE-STD
dry-cake-300g,BIS-DRYX-CAKE-300G,Dry Cake (300g),Biscuits & Cookies,,False,,,,,,,125.0,,,,True,True,145.0,2,5,BIS-DRY-CAKE-(300G)
mini-dry-cake,BIS-MINI-DRYX,Mini Dry Cake,Biscuits & Cookies,,False,,,,,,,8.0,,,,True,True,10.0,48,5,BIS-MINI-DRY-STD
tomato-ketchup-small,CON-TOMA-KETC,Tomato Ketchup Small,Condiments,,False,,,,,,,76.0,,,,True,True,100.0,2,5,CON-TOMA-KETC-STD
kellogs-almond-corn-flakes-300g,CER-KELL-ALMO-300G,Kellogs Almond Corn Flakes 300g,Cereals,,False,,,,,,,530.0,,,,True,True,560.0,2,5,CER-KELL-ALMO-300G
kellogs-corn-flakes-real-honey-300g,CER-KELL-CORN-300G,Kellogs Corn Flakes Real Honey 300g,Cereals,,False,,,,,,,530.0,,,,True,True,560.0,2,5,CER-KELL-CORN-300G
kellogs-fruit-loops-285g,CER-KELL-FRUI-285G,Kellogs Fruit Loops 285g,Cereals,,False,,,,,,,530.0,,,,True,True,560.0,2,5,CER-KELL-FRUI-285G
kellogs-chocos-127g,CER-KELL-CHOC-127G,Kellogs Chocos 127g,Cereals,,False,,,,,,,160.0,,,,True,True,170.0,4,5,CER-KELL-CHOC-127G
kellogs-chocos-250g,CER-KELL-CHOC-250G,Kellogs Chocos 250g,Cereals,,False,,,,,,,360.0,,,,True,True,370.0,3,5,CER-KELL-CHOC-250G
kellogs-chocos-fills-centred-pillow-250g,CER-KELL-CHOC-250G,Kellogs Chocos Fills Centred Pillow 250g,Cereals,,False,,,,,,,530.0,,,,True,True,560.0,2,5,CER-KELL-CHOC-250G
kellogs-muesli-crunchy-fruit-nut-500g,CER-KELL-MUES-500G,Kellogs Muesli Crunchy Fruit & Nut 500g,Cereals,,False,,,,,,,920.0,,,,True,True,1000.0,2,5,CER-KELL-MUES-500G
kellogs-k-park-26g,CER-KELL-KXXX-26G,Kellogs K-Park 26g,Cereals,,False,,,,,,,17.5,,,,True,True,20.0,48,5,CER-KELL-K-PA-26G
kellogs-oats-400g,CER-KELL-OATS-400G,Kellogs Oats 400g,Cereals,,False,,,,,,,320.0,,,,True,True,360.0,6,5,CER-KELL-OATS-400G
kellogs-oats-900g,CER-KELL-OATS-900G,Kellogs Oats 900g,Cereals,,False,,,,,,,675.0,,,,True,True,750.0,4,5,CER-KELL-OATS-900G
dano-daily-pusti-100g,DAI-DANO-DAIL-100G,Dano Daily Pusti 100g,Dairy,,False,,,,,,,82.0,,,,True,True,100.0,6,5,DAI-DANO-DAIL-100G
dano-daily-pusti-50g,DAI-DANO-DAIL-50G,Dano Daily Pusti 50g,Dairy,,False,,,,,,,40.0,,,,True,True,50.0,6,5,DAI-DANO-DAIL-50G
dano-daily-pusti-500g,DAI-DANO-DAIL-500G,Dano Daily Pusti 500g,Dairy,,False,,,,,,,360.0,,,,True,True,400.0,4,5,DAI-DANO-DAIL-500G
dano-daily-pusti-200g,DAI-DANO-DAIL-200G,Dano Daily Pusti 200g,Dairy,,False,,,,,,,150.0,,,,True,True,180.0,5,5,DAI-DANO-DAIL-200G
dano-delight-500g,DAI-DANO-DELI-500G,Dano Delight 500g,Dairy,,False,,,,,,,451.0,,,,True,True,480.0,4,5,DAI-DANO-DELI-500G
dano-delight-200g,DAI-DANO-DELI-200G,Dano Delight 200g,Dairy,,False,,,,,,,185.0,,,,True,True,200.0,5,5,DAI-DANO-DELI-200G
dano-power-500g,DAI-DANO-POWE-500G,Dano Power 500g,Dairy,,False,,,,,,,447.0,,,,True,True,480.0,4,5,DAI-DANO-POWE-500G
dano-power-200g,DAI-DANO-POWE-200G,Dano Power 200g,Dairy,,False,,,,,,,190.0,,,,True,True,210.0,5,5,DAI-DANO-POWE-200G
diploma-ifcmp-1kg,DAI-DIPL-IFCM-1KG,Diploma IFCMP 1kg,Dairy,,False,,,,,,,893.0,,,,True,True,950.0,6,5,DAI-DIPL-IFCM-1KG
diploma-ifcmp-200g,DAI-DIPL-IFCM-200G,Diploma IFCMP 200g,Dairy,,False,,,,,,,190.0,,,,True,True,205.0,6,5,DAI-DIPL-IFCM-200G
diploma-ifcmp-500g,DAI-DIPL-IFCM-500G,Diploma IFCMP 500g,Dairy,,False,,,,,,,449.0,,,,True,True,480.0,6,5,DAI-DIPL-IFCM-500G
doodles-instant-noodles-masala-62g-8-pack,SNA-DOOD-INST-62G,Doodles Instant Noodles Masala 62g (8 Pack),Snacks,,False,,,,,,,223.0,,,,True,True,250.0,3,5,SNA-DOOD-INST-62G
doodles-instant-noodles-masala-62g-24-pack,SNA-DOOD-INST-62G,Doodles Instant Noodles Masala 62g (24 Pack),Snacks,,False,,,,,,,76.0,,,,True,True,100.0,3,5,SNA-DOOD-INST-62G
doodles-instant-noodles-masala-62g-12-pack,SNA-DOOD-INST-62G,Doodles Instant Noodles Masala 62g (12 Pack),Snacks,Check physicall if given,False,,,,,,,146.0,,,,True,True,160.0,3,5,SNA-DOOD-INST-62G
doodles-instant-noodles-ramen-62g-4-pack,SNA-DOOD-INST-62G,Doodles Instant Noodles Ramen 62g (4 Pack),Snacks,,False,,,,,,,90.0,,,,True,True,110.0,12,5,SNA-DOOD-INST-62G
doodles-instant-noodles-ramen-62g-8-pack,SNA-DOOD-INST-62G,Doodles Instant Noodles Ramen 62g (8 Pack),Snacks,,False,,,,,,,182.0,,,,True,True,210.0,6,5,SNA-DOOD-INST-62G
doodles-stick-noodles-150g,SNA-DOOD-STIC-150G,Doodles Stick Noodles 150g,Snacks,,False,,,,,,,17.25,,,,True,True,20.0,6,5,SNA-DOOD-STIC-150G
doodles-stick-noodles-chicken-delight-300g,SNA-DOOD-STIC-300G,Doodles Stick Noodles Chicken Delight 300g,Snacks,,False,,,,,,,43.0,,,,True,True,50.0,6,5,SNA-DOOD-STIC-300G
detos-nacho-cheese-chips-30g,SNA-DETO-NACH-30G,Detos Nacho Cheese Chips 30g,Snacks,,False,,,,,,,16.13,,,,True,True,20.0,24,5,SNA-DETO-NACH-30G
detos-sweet-chilli-chips-30g,SNA-DETO-SWEE-30G,Detos Sweet Chilli Chips 30g,Snacks,,False,,,,,,,16.13,,,,True,True,20.0,24,5,SNA-DETO-SWEE-30G
poppers-corn-coconut-crackers-25g,SNA-POPP-CORN-25G,Poppers Corn Coconut Crackers 25g,Snacks,,False,,,,,,,16.13,,,,True,True,20.0,24,5,SNA-POPP-CORN-25G
bellame-butter-toast-200g,BIS-BELL-BUTT-200G,Bellame Butter Toast 200g,Biscuits & Cookies,,False,,,,,,,82.0,,,,True,True,95.0,3,5,BIS-BELL-BUTT-200G
bellame-choco-little-cookies-240g,BIS-BELL-CHOC-240G,Bellame Choco Little Cookies 240g,Biscuits & Cookies,,False,,,,,,,92.0,,,,True,True,105.0,3,5,BIS-BELL-CHOC-240G
bellame-chocolate-digestive-135g,BIS-BELL-CHOC-135G,Bellame Chocolate Digestive 135g,Biscuits & Cookies,,False,,,,,,,43.0,,,,True,True,50.0,6,5,BIS-BELL-CHOC-135G
bellame-chocolate-fondue-cookie-176g,BIS-BELL-CHOC-176G,Bellame Chocolate Fondue Cookie 176g,Biscuits & Cookies,,False,,,,,,,120.0,,,,True,True,150.0,3,5,BIS-BELL-CHOC-176G
bellame-digestive-biscuit-135g,BIS-BELL-DIGE-135G,Bellame Digestive Biscuit 135g,Biscuits & Cookies,,False,,,,,,,30.5,,,,True,True,50.0,6,5,BIS-BELL-DIGE-135G
bellame-peanut-bite-cookies-240g,BIS-BELL-PEAN-240G,Bellame Peanut Bite Cookies 240g,Biscuits & Cookies,,False,,,,,,,58.0,,,,True,True,75.0,3,5,BIS-BELL-PEAN-240G
nazirshail-50kg-rahman,RIC-NAZI-KGXX-50KG,Nazirshail 50KG (Rahman),Rice & Grain,50KG Bag,False,,,,,,,4340.0,,,,True,True,4600.0,2,5,RIC-NAZI-50KG-50KG
nazirshail-25kg-rahman,RIC-NAZI-KGXX-25KG,Nazirshail 25KG (Rahman),Rice & Grain,25KG Bag,False,,,,,,,2180.0,,,,True,True,2400.0,8,5,RIC-NAZI-25KG-25KG
nazirshail-25kg-rupchanda,RIC-NAZI-KGXX-25KG,Nazirshail 25KG (Rupchanda),Rice & Grain,25KG Bag,False,,,,,,,2040.0,,,,True,True,2200.0,2,5,RIC-NAZI-25KG-25KG
katari-atob-50kg-rahman,RIC-KATA-ATOB-50KG,Katari Atob 50KG (Rahman),Rice & Grain,50KG Bag,False,,,,,,,4330.0,,,,True,True,4550.0,2,5,RIC-KATA-ATOB-50KG
katari-atob-25kg-rahman,RIC-KATA-ATOB-25KG,Katari Atob 25KG (Rahman),Rice & Grain,25KG Bag,False,,,,,,,2175.0,,,,True,True,2250.0,8,5,RIC-KATA-ATOB-25KG
miniket-atob-50kg-shonko,RIC-MINI-ATOB-50KG,Miniket Atob 50KG (Shonko),Rice & Grain,50KG Bag,False,,,,,,,3200.0,,,,True,True,3500.0,2,5,RIC-MINI-ATOB-50KG
miniket-atob-25kg-shonko,RIC-MINI-ATOB-25KG,Miniket Atob 25KG (Shonko),Rice & Grain,25KG Bag,False,,,,,,,1610.0,,,,True,True,1780.0,8,5,RIC-MINI-ATOB-25KG
aci-chinigura-50kg,RIC-ACIX-CHIN-50KG,ACI Chinigura 50KG,Rice & Grain,50KG Bag,False,,,,,,,6850.0,,,,True,True,7500.0,1,5,RIC-ACI-CHIN-50KG
katari-c-50kg-nobanno,RIC-KATA-CXXX-50KG,Katari C 50KG (Nobanno),Rice & Grain,50KG Bag,False,,,,,,,4120.0,,,,True,True,4350.0,1,5,RIC-KATA-C-50KG
katari-c-25kg-nobanno,RIC-KATA-CXXX-25KG,Katari C 25KG (Nobanno),Rice & Grain,25KG Bag,False,,,,,,,2070.0,,,,True,True,2175.0,4,5,RIC-KATA-C-25KG
jirashail-50kg-nobanno,RIC-JIRA-KGXX-50KG,Jirashail 50KG (Nobanno),Rice & Grain,50KG Bag,False,,,,,,,4020.0,,,,True,True,4200.0,1,5,RIC-JIRA-50KG-50KG
jirashail-25kg-nobanno,RIC-JIRA-KGXX-25KG,Jirashail 25KG (Nobanno),Rice & Grain,25KG Bag,False,,,,,,,2020.0,,,,True,True,2150.0,4,5,RIC-JIRA-25KG-25KG
basmati-25kg-golden,RIC-BASM-KGXX-25KG,Basmati 25KG (Golden),Rice & Grain,25KG Bag,False,,,,,,,1885.0,,,,True,True,2500.0,2,5,RIC-BASM-25KG-25KG
miniket-c-50kg-nouka,RIC-MINI-CXXX-50KG,Miniket C 50KG (Nouka),Rice & Grain,50KG Bag,False,,,,,,,2640.0,,,,True,True,2800.0,1,5,RIC-MINI-C-50KG
potatoes-alu,FRE-POTA-ALUX,Potatoes - alu,Fresh Produce,60KG Bag,False,,,,,,,13.5,,,,True,True,18.0,120,5,FRE-POTA---STD
onions-piyaj,FRE-ONIO-PIYA,Onions - piyaj,Fresh Produce,50KG Bag,False,,,,,,,31.0,,,,True,True,38.0,103,5,FRE-ONIO---STD
ginger-ada,FRE-GING-ADAX,Ginger - ada,Fresh Produce,20KG Bag,False,,,,,,,105.0,,,,True,True,145.0,20,5,FRE-GING---STD
garlic-roshun,FRE-GARL-ROSH,Garlic - roshun,Fresh Produce,20KG Bag,False,,,,,,,137.0,,,,True,True,150.0,20,5,FRE-GARL---STD
jirashail-25kg-nobanno,RIC-JIRA-KGXX-25KG,Jirashail 25KG (Nobanno),Rice & Grain,25KG Bag,False,,,,,,,72.8,,,,True,True,84.0,50,5,RIC-JIRA-25KG-25KG
nazirshail-25kg-rahman,RIC-NAZI-KGXX-25KG,Nazirshail 25KG (Rahman),Rice & Grain,25KG Bag,False,,,,,,,76.0,,,,True,True,90.0,50,5,RIC-NAZI-25KG-25KG
katari-atob-25kg-premium,RIC-KATA-ATOB-25KG,Katari Atob 25KG (Premium),Rice & Grain,25KG Bag,False,,,,,,,80.8,,,,True,True,89.0,50,5,RIC-KATA-ATOB-25KG
paijam-atob-25kg-boiled,RIC-PAIJ-ATOB-25KG,Paijam Atob 25KG (Boiled),Rice & Grain,25KG Bag,False,,,,,,,58.0,,,,True,True,75.0,50,5,RIC-PAIJ-ATOB-25KG
lentils-masur-daal,RIC-LENT-MASU,Lentils - Masur Daal,Rice & Grain,50KG Bag,False,,,,,,,79.0,,,,True,True,109.0,50,5,RIC-LENT---STD
motor-daal,RIC-MOTO-DAAL,Motor Daal,Rice & Grain,50KG Bag,False,,,,,,,52.0,,,,True,True,75.0,50,5,RIC-MOTO-DAAL-STD
shewkaran-rice-50kg,RIC-SHEW-RICE-50KG,Shewkaran Rice 50KG,Rice & Grain,50KG Bag,False,,,,,,,53.5,,,,True,True,60.0,100,5,RIC-SHEW-RICE-50KG
salt,COO-SALT-PROD,Salt,Cooking Needs,50KG Bag,False,,,,,,,31.6,,,,True,True,40.0,50,5,COO-SALT-ITEM-STD
sugar,COO-SUGA-PROD,Sugar,Cooking Needs,50KG Bag,False,,,,,,,99.0,,,,True,True,104.0,50,5,COO-SUGA-ITEM-STD
jirashail-25kg-bashir,RIC-JIRA-KGXX-25KG,Jirashail 25KG (Bashir),Rice & Grain,25KG Bag,False,,,,,,,72.0,,,,True,True,82.0,50,5,RIC-JIRA-25KG-25KG
moida-loose,COO-MOID-LOOS,Moida - loose,Cooking Needs,50KG Bag,False,,,,,,,40.0,,,,True,True,59.0,50,5,COO-MOID---STD
ata-loose,COO-ATAX-LOOS,Ata - loose,Cooking Needs,50KG Bag,False,,,,,,,35.0,,,,True,True,49.0,50,5,COO-ATA---STD
chona-boot,COO-CHON-BOOT,Chona Boot,Cooking Needs,25KG Bag,False,,,,,,,76.0,,,,True,True,80.0,25,5,COO-CHON-BOOT-STD
rupchanda-soyabean-oil-1l,COO-RUPC-SOYA-1L,Rupchanda Soyabean Oil 1L,Cooking Needs,1L,False,,,,,,,189.0,,,,True,True,195.0,16,5,COO-RUPC-SOYA-1L
rupchanda-soyabean-oil-2l,COO-RUPC-SOYA-2L,Rupchanda Soyabean Oil 2L,Cooking Needs,2L,False,,,,,,,384.0,,,,True,True,390.0,9,5,COO-RUPC-SOYA-2L
rupchanda-soyabean-oil-5l,COO-RUPC-SOYA-5L,Rupchanda Soyabean Oil 5L,Cooking Needs,5L,False,,,,,,,940.0,,,,True,True,955.0,8,5,COO-RUPC-SOYA-5L
fortune-rice-bran-oil-2l,COO-FORT-RICE-2L,Fortune Rice Bran Oil 2L,Cooking Needs,2L,False,,,,,,,434.0,,,,True,True,458.0,2,5,COO-FORT-RICE-2L
fortune-rice-bran-oil-5l,COO-FORT-RICE-5L,Fortune Rice Bran Oil 5L,Cooking Needs,5L,False,,,,,,,1095.0,,,,True,True,1120.0,2,5,COO-FORT-RICE-5L
kings-pure-sunflower-oil-2l,COO-KING-PURE-2L,Kings Pure Sunflower Oil 2L,Cooking Needs,2L,False,,,,,,,710.0,,,,True,True,800.0,1,5,COO-KING-PURE-2L
fortune-mustard-oil-80ml,COO-FORT-MUST-80ML,Fortune Mustard Oil 80ml,Cooking Needs,,False,,,,,,,27.0,,,,True,True,35.0,12,5,COO-FORT-MUST-80ML
fortune-mustard-oil-250ml,COO-FORT-MUST-250ML,Fortune Mustard Oil 250ml,Cooking Needs,,False,,,,,,,75.0,,,,True,True,85.0,2,5,COO-FORT-MUST-250ML
fortune-mustard-oil-1l,COO-FORT-MUST-1L,Fortune Mustard Oil 1L,Cooking Needs,,False,,,,,,,296.0,,,,True,True,350.0,3,5,COO-FORT-MUST-1L
fortune-mustard-oil-5l,COO-FORT-MUST-5L,Fortune Mustard Oil 5L,Cooking Needs,,False,,,,,,,1100.0,,,,True,True,1200.0,1,5,COO-FORT-MUST-5L
rupchanda-chinigura-rice-1kg,RIC-RUPC-CHIN-1KG,Rupchanda Chinigura Rice 1KG,Rice & Grain,1KG Bag,False,,,,,,,148.0,,,,True,True,175.0,10,5,RIC-RUPC-CHIN-1KG
fortune-basmati-rice-1kg,RIC-FORT-BASM-1KG,Fortune Basmati Rice 1KG,Rice & Grain,1KG Bag,False,,,,,,,330.0,,,,True,True,400.0,2,5,RIC-FORT-BASM-1KG
kitkat-1-finger,CHO-KITK-XXXX,Kitkat 1 Finger,Chocolates & Candies,,False,,,,,,,24.0,,,,True,True,30.0,42,5,CHO-KITK-1-1
kitkat-3-finger,CHO-KITK-XXXX,Kitkat 3 Finger,Chocolates & Candies,,False,,,,,,,52.0,,,,True,True,65.0,21,5,CHO-KITK-3-3
kitkat-4-finger,CHO-KITK-XXXX,Kitkat 4 Finger,Chocolates & Candies,,False,,,,,,,68.0,,,,True,True,115.0,28,5,CHO-KITK-4-4
taaqa-juice,BEV-TAAQ-JUIC,Taaqa Juice,Beverages,,False,,,,,,,24.0,,,,True,True,30.0,60,5,BEV-TAAQ-JUIC-STD
nutrilife-can,BEV-NUTR-CANX,Nutrilife Can,Beverages,,False,,,,,,,50.0,,,,True,True,60.0,4,5,BEV-NUTR-CAN-STD
nutrilife-mango-juice-160ml,BEV-NUTR-MANG-160ML,Nutrilife Mango Juice 160ML,Beverages,,False,,,,,,,36.0,,,,True,True,45.0,6,5,BEV-NUTR-MANG-160ML
nutrilife-orange-juice-160ml,BEV-NUTR-ORAN-160ML,Nutrilife Orange Juice 160ML,Beverages,,False,,,,,,,36.0,,,,True,True,45.0,6,5,BEV-NUTR-ORAN-160ML
nutrilife-mango-juice-1l,BEV-NUTR-MANG-1L,Nutrilife Mango Juice 1L,Beverages,,False,,,,,,,227.0,,,,True,True,295.0,1,5,BEV-NUTR-MANG-1L
nutrilife-orange-juice-1l,BEV-NUTR-ORAN-1L,Nutrilife Orange Juice 1L,Beverages,,False,,,,,,,227.0,,,,True,True,295.0,2,5,BEV-NUTR-ORAN-1L
nutrilife-pomegranate-1l,BEV-NUTR-POME-1L,Nutrilife Pomegranate 1L,Beverages,,False,,,,,,,292.0,,,,True,True,350.0,1,5,BEV-NUTR-POME-1L
nutrilife-cranberry-1l,BEV-NUTR-CRAN-1L,Nutrilife Cranberry 1L,Beverages,,False,,,,,,,330.0,,,,True,True,360.0,1,5,BEV-NUTR-CRAN-1L
oats-bar,CHO-OATS-BARX,Oats Bar,Chocolates & Candies,,False,,,,,,,103.0,,,,True,True,120.0,3,5,CHO-OATS-BAR-STD
center-fresh-chewing-gum,CHO-CENT-FRES,Center Fresh Chewing Gum,Chocolates & Candies,,False,,,,,,,25.0,,,,True,True,30.0,24,5,CHO-CENT-FRES-STD
isubgul,GRO-ISUB-PROD,Isubgul,Grocery,,False,,,,,,,74.0,,,,True,True,85.0,10,5,GRO-ISUB-ITEM-STD
tastemaker-tasting-salt,COO-TAST-TAST,Tastemaker - Tasting Salt,Cooking Needs,,False,,,,,,,42.0,,,,True,True,50.0,12,5,COO-TAST---STD
mentos,CHO-MENT-PROD,Mentos,Chocolates & Candies,,False,,,,,,,33.33,,,,True,True,40.0,24,5,CHO-MENT-ITEM-STD
meridian-chicken-chips,SNA-MERI-CHIC,Meridian Chicken Chips,Snacks,,False,,,,,,,17.0,,,,True,True,20.0,24,5,SNA-MERI-CHIC-STD
meridian-shrimp-chips,SNA-MERI-SHRI,Meridian Shrimp Chips,Snacks,,False,,,,,,,17.0,,,,True,True,20.0,24,5,SNA-MERI-SHRI-STD
real-potato-chips-american-tomato,SNA-REAL-POTA,Real Potato Chips (American Tomato),Snacks,,False,,,,,,,14.16,,,,True,True,20.0,24,5,SNA-REAL-POTA-STD
chicken-sticks-1,SNA-CHIC-STIC,Chicken Sticks -1,Snacks,,False,,,,,,,14.16,,,,True,True,20.0,24,5,SNA-CHIC-STIC--1
nimki-small,SNA-NIMK-SMAL,Nimki Small,Snacks,,False,,,,,,,6.66,,,,True,True,10.0,24,5,SNA-NIMK-SMAL-STD
nimki-big,SNA-NIMK-BIGX,Nimki Big,Snacks,,False,,,,,,,45.0,,,,True,True,60.0,6,5,SNA-NIMK-BIG-STD
eggs-red-loose,COO-EGGS-REDX,Eggs - Red (Loose),Cooking Needs,,False,,,,,,,8.5,,,,True,True,8.8,210,5,COO-EGGS---STD
eggs-white-loose,COO-EGGS-WHIT,Eggs - White (Loose),Cooking Needs,,False,,,,,,,7.8,,,,True,True,8.8,60,5,COO-EGGS---STD
