id,title,matched_shwapno_name,score,status,image_link,source
INV-001,Pepsodent Advanced Salt 70g,,,not_matched,https://static.awesomebrand.com/1111_100-1.jpg,placeholder
INV-002,Transtec LED Bright 7w Pin,,,not_matched,https://luckystore.com/images/products/INV-002.jpg,placeholder
INV-003,Doodles Instant Noodles Masala 62g (24 Pack),,,not_matched,https://luckystore.com/images/products/INV-003.jpg,placeholder
INV-004,Pepsodent Advanced Salt 140g,,,not_matched,https://luckystore.com/images/products/INV-004.jpg,placeholder
INV-005,Transtec LED Bright 5w Pin,,,not_matched,https://luckystore.com/images/products/INV-005.jpg,placeholder
INV-006,Pepsodent Germicheck 85g,,,not_matched,https://luckystore.com/images/products/INV-006.jpg,placeholder
INV-007,Radhuni Vinegar 280ml,Radhuni Vinegar 280ml,1.000,auto_approved,https://d2t8nl1y0ie1km.cloudfront.net/images/thumbs/65fa95ff115075f231ecccfb_Radhuni-Vinegar-280ml_1_415.webp,shwapno_match_high
INV-008,Close Up Toothpaste Sea Salt 140g,,,not_matched,https://luckystore.com/images/products/INV-008.jpg,placeholder
INV-009,Nescafe Sunrise 3in1 10g Sachet (FREE),,,not_matched,https://luckystore.com/images/products/INV-009.jpg,placeholder
INV-010,Close Up Menthol Fresh Toothpaste 38g,,,not_matched,https://luckystore.com/images/products/INV-010.jpg,placeholder
INV-011,Axe Black Deodorant Body Spray -150ml,,,not_matched,https://luckystore.com/images/products/INV-011.jpg,placeholder
INV-012,Lux Soap Soft Touch 75g,,,not_matched,https://luckystore.com/images/products/INV-012.jpg,placeholder
INV-013,Pepsodent Sensitive Expert 140,,,not_matched,https://luckystore.com/images/products/INV-013.jpg,placeholder
INV-014,Pepsodent Germicheck 40g,,,not_matched,https://luckystore.com/images/products/INV-014.jpg,placeholder
INV-015,Axe Apollo Deodorant Body Spray,,,not_matched,https://luckystore.com/images/products/INV-015.jpg,placeholder
INV-016,Radhuni Fried Rice Mix 8gm,,,not_matched,https://luckystore.com/images/products/INV-016.jpg,placeholder
INV-017,Ponds Pure White 50g,,,not_matched,https://luckystore.com/images/products/INV-017.jpg,placeholder
INV-018,Surf Excel Matic Liquid Top 500ml,,,not_matched,https://luckystore.com/images/products/INV-018.jpg,placeholder
INV-019,Pepsodent Sensitive Gum Care 140g,,,not_matched,https://luckystore.com/images/products/INV-019.jpg,placeholder
INV-020,Close Up Menthol Fresh Toothpaste 7g,,,not_matched,https://luckystore.com/images/products/INV-020.jpg,placeholder
INV-021,Radhuni Sunflower Oil 1ltr,,,not_matched,https://luckystore.com/images/products/INV-021.jpg,placeholder
INV-022,Ponds Pure White 100g,,,not_matched,https://luckystore.com/images/products/INV-022.jpg,placeholder
INV-023,Foodie Masala Noodles 8 Pack,,,not_matched,https://luckystore.com/images/products/INV-023.jpg,placeholder
INV-024,Pepsodent Germicheck 190g,,,not_matched,https://luckystore.com/images/products/INV-024.jpg,placeholder
INV-025,Kellogs K-Park 26g,,,not_matched,https://luckystore.com/images/products/INV-025.jpg,placeholder
INV-026,Solecti Cookies - Standard Pack,,,not_matched,https://luckystore.com/images/products/INV-026.jpg,placeholder
INV-027,Lux Soap Soft Touch 25g,,,not_matched,https://luckystore.com/images/products/INV-027.jpg,placeholder
INV-028,Pepsodent Sensitive Expert Fresh 15g,,,not_matched,https://luckystore.com/images/products/INV-028.jpg,placeholder
INV-029,Tang Orange Jar 750gm,Tang Powder Drink Orange 750gm (Jar),0.881,auto_approved,https://d2t8nl1y0ie1km.cloudfront.net/images/thumbs/68931ce82530624939408546_Tang-Powder-Drink-Orange-750gm-Jar_1_415.webp,shwapno_match_high
INV-030,Orange Biscuit - Standard Pack,,,not_matched,https://luckystore.com/images/products/INV-030.jpg,placeholder
INV-031,Starship Jhal Chanachur 300gm,,,not_matched,https://luckystore.com/images/products/INV-031.jpg,placeholder
INV-032,Kings Pure Sunflower Oil 2L,,,not_matched,https://luckystore.com/images/products/INV-032.jpg,placeholder
INV-033,Radhuni Jira Gura 200gm,Radhuni Haleem Mix 200gm,0.745,needs_review,https://d2t8nl1y0ie1km.cloudfront.net/images/thumbs/65fa95b2115075f231ecc8f6_Radhuni-Haleem-Mix-200gm_1_415.webp,shwapno_match_review
INV-034,Sunsilk Shampoo Hair Fall Solution,,,not_matched,https://luckystore.com/images/products/INV-034.jpg,placeholder
INV-035,Chocolate Plus - Classic Pack,,,not_matched,https://luckystore.com/images/products/INV-035.jpg,placeholder
INV-036,Radhuni Jira Gura 100gm,,,not_matched,https://luckystore.com/images/products/INV-036.jpg,placeholder
INV-037,Knorr Soup 31g,,,not_matched,https://luckystore.com/images/products/INV-037.jpg,placeholder
INV-038,Sunsilk Shampoo Thick & Long 5.25,,,not_matched,https://luckystore.com/images/products/INV-038.jpg,placeholder
INV-039,Milk Plus - Classic Pack,,,not_matched,https://luckystore.com/images/products/INV-039.jpg,placeholder
INV-040,Radhuni Chui Jhal Mangsho Masala 38gm,,,not_matched,https://luckystore.com/images/products/INV-040.jpg,placeholder
INV-0041,Isubgul,,,not_matched,https://luckystore.com/images/products/INV-0041.jpg,placeholder
INV-0042,Sunsilk Conditioner Hair Fall Solution 8ml,,,not_matched,https://luckystore.com/images/products/INV-0042.jpg,placeholder
INV-0043,Lifebouy Health Care 90g,,,not_matched,https://luckystore.com/images/products/INV-0043.jpg,placeholder
INV-0044,Hello Cookies - Classic Pack,,,not_matched,https://luckystore.com/images/products/INV-0044.jpg,placeholder
INV-0045,Clear Shampoo Cool Sport Menthol 170ml,,,not_matched,https://luckystore.com/images/products/INV-0045.jpg,placeholder
INV-0046,Sunsilk Shampoo Black Shine 5.25ml,,,not_matched,https://luckystore.com/images/products/INV-0046.jpg,placeholder
INV-0047,Slice Pound Cake Chocolate,,,not_matched,https://luckystore.com/images/products/INV-0047.jpg,placeholder
INV-0048,Kitkat 4 Finger,,,not_matched,https://luckystore.com/images/products/INV-0048.jpg,placeholder
INV-0049,Lexus - Family Pack,,,not_matched,https://luckystore.com/images/products/INV-0049.jpg,placeholder
INV-0050,Nivea Fresh Natural Roll On - 50ml,,,not_matched,https://luckystore.com/images/products/INV-0050.jpg,placeholder
INV-0051,Sunsilk Shampoo Black Shine 330ml,,,not_matched,https://luckystore.com/images/products/INV-0051.jpg,placeholder
INV-0052,Radhuni Dhoniya Gura 50gm,,,not_matched,https://luckystore.com/images/products/INV-0052.jpg,placeholder
INV-0053,Bellame Peanut Bite Cookies 240g,,,not_matched,https://luckystore.com/images/products/INV-0053.jpg,placeholder
INV-0054,Haiko Bit Salt Powder - 80g,,,not_matched,https://luckystore.com/images/products/INV-0054.jpg,placeholder
INV-0055,Volt Pencil Battery UM-4,,,not_matched,https://luckystore.com/images/products/INV-0055.jpg,placeholder
INV-0056,Safe Touch 0034 4Port 5m Cable Multiplug Heavy Duty White,,,not_matched,https://luckystore.com/images/products/INV-0056.jpg,placeholder
INV-0057,Sunsilk Hairfall Solution 170ml,,,not_matched,https://luckystore.com/images/products/INV-0057.jpg,placeholder
INV-0058,Paijam Atob 25KG (Boiled),,,not_matched,https://luckystore.com/images/products/INV-0058.jpg,placeholder
INV-0059,Domex 750ml,,,not_matched,https://luckystore.com/images/products/INV-0059.jpg,placeholder
INV-0060,Tresemme Shampoo Color Revitalized 580ml,,,not_matched,https://luckystore.com/images/products/INV-0060.jpg,placeholder
INV-0061,Sunsilk Black Shine 170ml,,,not_matched,https://luckystore.com/images/products/INV-0061.jpg,placeholder
INV-0062,Radhuni Vinegar 540ml,Radhuni Synthetic Vinegar 540ml,1.000,auto_approved,https://d2t8nl1y0ie1km.cloudfront.net/images/thumbs/65fa9600115075f231eccd07_Radhuni-Synthetic-Vinegar-540ml_1_415.webp,shwapno_match_high
INV-0063,Clear Shampoo Cool Sport Menthol 5ml,,,not_matched,https://luckystore.com/images/products/INV-0063.jpg,placeholder
INV-0064,Tresemme Shampoo Keratin Smooth 185ml,,,not_matched,https://luckystore.com/images/products/INV-0064.jpg,placeholder
INV-0065,Sunsilk Hijab Refresh 340ml,,,not_matched,https://luckystore.com/images/products/INV-0065.jpg,placeholder
INV-0066,Tresemme Keratin 190ml,,,not_matched,https://luckystore.com/images/products/INV-0066.jpg,placeholder
INV-0067,Dano Daily Pusti 200g,,,not_matched,https://luckystore.com/images/products/INV-0067.jpg,placeholder
INV-0068,Sunsilk Shampoo Thick & Long 340ml,,,not_matched,https://luckystore.com/images/products/INV-0068.jpg,placeholder
INV-0069,Jirashail 25KG (Bashir),,,not_matched,https://luckystore.com/images/products/INV-0069.jpg,placeholder
INV-0070,Ponds White Beauty 50g,,,not_matched,https://luckystore.com/images/products/INV-0070.jpg,placeholder
INV-0071,Lifebouy Health Care 150g,,,not_matched,https://luckystore.com/images/products/INV-0071.jpg,placeholder
INV-0072,Sunsilk Shampoo Thick & Long 170ml,,,not_matched,https://luckystore.com/images/products/INV-0072.jpg,placeholder
INV-0073,Dove Shampoo Hairfall Rescue 170ml,,,not_matched,https://luckystore.com/images/products/INV-0073.jpg,placeholder
INV-0074,Orange Biscuit - Family Pack,,,not_matched,https://luckystore.com/images/products/INV-0074.jpg,placeholder
INV-0075,Dove Cream Bar 135g,,,not_matched,https://luckystore.com/images/products/INV-0075.jpg,placeholder
INV-0076,Sunsilk Shampoo Black Shine 80ml,,,not_matched,https://luckystore.com/images/products/INV-0076.jpg,placeholder
INV-0077,Dove Shampoo Intensive Repair 170ml,,,not_matched,https://luckystore.com/images/products/INV-0077.jpg,placeholder
INV-0078,Dove Cream Pink Bar 135g,,,not_matched,https://luckystore.com/images/products/INV-0078.jpg,placeholder
INV-0079,Dove Shampoo Nourishing Oil 170ml,,,not_matched,https://luckystore.com/images/products/INV-0079.jpg,placeholder
INV-0080,Sunsilk Hairfall Solution 340ml,,,not_matched,https://luckystore.com/images/products/INV-0080.jpg,placeholder
INV-0081,Onions - piyaj,,,not_matched,https://luckystore.com/images/products/INV-0081.jpg,placeholder
INV-0082,Sunsilk Shampoo Onion 375ml,,,not_matched,https://luckystore.com/images/products/INV-0082.jpg,placeholder
INV-0083,Radhuni Gorur Mangsho Masala 100gm,,,not_matched,https://luckystore.com/images/products/INV-0083.jpg,placeholder
INV-0084,Surf Excel 500g,,,not_matched,https://luckystore.com/images/products/INV-0084.jpg,placeholder
INV-0085,Rin Fabric Solution Liquid 400ml,,,not_matched,https://luckystore.com/images/products/INV-0085.jpg,placeholder
INV-0086,Close Up Menthol Fresh Toothpaste 85g,,,not_matched,https://luckystore.com/images/products/INV-0086.jpg,placeholder
INV-0087,Sunsilk Conditioner Hair Fall Solution 180ml,,,not_matched,https://luckystore.com/images/products/INV-0087.jpg,placeholder
INV-0088,Surf Excel Matic Liquid Top 1L,,,not_matched,https://luckystore.com/images/products/INV-0088.jpg,placeholder
INV-0089,Bashundhara Facial tissue box 120pcs,,,not_matched,https://luckystore.com/images/products/INV-0089.jpg,placeholder
INV-0090,Glucose mini,,,not_matched,https://luckystore.com/images/products/INV-0090.jpg,placeholder
INV-0091,Sunsilk Shampoo Volume 375ml,,,not_matched,https://luckystore.com/images/products/INV-0091.jpg,placeholder
INV-0092,Dove Shampoo Intensive Repair 330ml,,,not_matched,https://luckystore.com/images/products/INV-0092.jpg,placeholder
INV-0093,Lifebouy Liquid Total 200ml,,,not_matched,https://luckystore.com/images/products/INV-0093.jpg,placeholder
INV-0094,Radhuni Premium Ghee 200gm,Pran Premium Ghee 200gm,0.847,needs_review,https://d2t8nl1y0ie1km.cloudfront.net/images/thumbs/65fa9500115075f231ec67dd_Pran-Premium-Ghee-200gm_1_415.webp,shwapno_match_review
INV-0095,Dove Shampoo Oxygen Moisture 330ml,,,not_matched,https://luckystore.com/images/products/INV-0095.jpg,placeholder
INV-0096,Clear Shampoo Complete Active Care 5.5ml,,,not_matched,https://luckystore.com/images/products/INV-0096.jpg,placeholder
INV-0097,Clear Shampoo Anti Hair Fall 330ml,,,not_matched,https://luckystore.com/images/products/INV-0097.jpg,placeholder
INV-0098,Lifebouy Liquid Handwash Care 200g,,,not_matched,https://luckystore.com/images/products/INV-0098.jpg,placeholder
INV-0099,Ponds Superlight Gel 100ml,,,not_matched,https://luckystore.com/images/products/INV-0099.jpg,placeholder
INV-0100,Clear Shampoo Complete Active Care 170ml,,,not_matched,https://luckystore.com/images/products/INV-0100.jpg,placeholder
INV-0101,Clear Shampoo Complete Active Care 330ml,,,not_matched,https://luckystore.com/images/products/INV-0101.jpg,placeholder
INV-0102,Kodomo Bubble Fruit Toothpaste Gel Ultra Shield Formula (0.5 Years Up) - 40g,,,not_matched,https://luckystore.com/images/products/INV-0102.jpg,placeholder
INV-0103,Ponds Skin Cream White Beauty 35g,,,not_matched,https://luckystore.com/images/products/INV-0103.jpg,placeholder
INV-0104,Miniket Atob (Shonko) Loose,,,not_matched,https://luckystore.com/images/products/INV-0104.jpg,placeholder
INV-0105,Marks Powder 75gm,,,not_matched,https://luckystore.com/images/products/INV-0105.jpg,placeholder
INV-0106,Transtec LED Bright 15w Pin,,,not_matched,https://luckystore.com/images/products/INV-0106.jpg,placeholder
INV-0107,Knorr Soup Chicken Corn 24g,,,not_matched,https://luckystore.com/images/products/INV-0107.jpg,placeholder
INV-0108,Dove Cream Bar 50g,,,not_matched,https://luckystore.com/images/products/INV-0108.jpg,placeholder
INV-0109,Knorr Soup Thai 28g,Knorr Classic Thai Soup 28gm,0.914,auto_approved,https://d2t8nl1y0ie1km.cloudfront.net/images/thumbs/67d2e1719b1b113f0bd56bb6_Knorr-Classic-Thai-Soup-28gm_1_415.webp,shwapno_match_high
INV-0110,Detos Sweet Chilli Chips 30g,,,not_matched,https://luckystore.com/images/products/INV-0110.jpg,placeholder
INV-0111,Standard Horlicks Jar 18g,,,not_matched,https://luckystore.com/images/products/INV-0111.jpg,placeholder
INV-0112,Surf Excel Fabric Solution Quick Wash 18g,,,not_matched,https://luckystore.com/images/products/INV-0112.jpg,placeholder
INV-0113,Vim Dish Washing Bar 125g,,,not_matched,https://luckystore.com/images/products/INV-0113.jpg,placeholder
INV-0114,Vim Dish Washing Powder 500g,,,not_matched,https://luckystore.com/images/products/INV-0114.jpg,placeholder
INV-0115,Glucose 350g,,,not_matched,https://luckystore.com/images/products/INV-0115.jpg,placeholder
INV-0116,Kellogs Oats 900g,,,not_matched,https://luckystore.com/images/products/INV-0116.jpg,placeholder
INV-0117,Aarong Standardized Milk 500ml,,,not_matched,https://luckystore.com/images/products/INV-0117.jpg,placeholder
INV-0118,Tang Orange Refill Pack 200gm,,,not_matched,https://luckystore.com/images/products/INV-0118.jpg,placeholder
INV-0119,detol bodywash,,,not_matched,https://luckystore.com/images/products/INV-0119.jpg,placeholder
INV-0120,Maggi Shaad-E-Magic 4g,,,not_matched,https://luckystore.com/images/products/INV-0120.jpg,placeholder
INV-0121,Maggi Chicken Sizzling 8g,,,not_matched,https://luckystore.com/images/products/INV-0121.jpg,placeholder
INV-0122,Maggi Fried Chicken 400g,,,not_matched,https://luckystore.com/images/products/INV-0122.jpg,placeholder
INV-0123,Nescafe Americano 8g sachet,,,not_matched,https://luckystore.com/images/products/INV-0123.jpg,placeholder
INV-0124,Nescafe Hazelnut Latte,,,not_matched,https://luckystore.com/images/products/INV-0124.jpg,placeholder
INV-0125,Nescafe Classic 0.9g Sachet,,,not_matched,https://luckystore.com/images/products/INV-0125.jpg,placeholder
INV-0126,Vim Dish Washing Bar 300g,,,not_matched,https://luckystore.com/images/products/INV-0126.jpg,placeholder
INV-0127,Energy Plus - Standard Pack,,,not_matched,https://luckystore.com/images/products/INV-0127.jpg,placeholder
INV-0128,Tip -Standard Pack,,,not_matched,https://luckystore.com/images/products/INV-0128.jpg,placeholder
INV-0129,Nutty - Standard Pack,,,not_matched,https://luckystore.com/images/products/INV-0129.jpg,placeholder
INV-0130,Honey Tea Bag 25g,,,not_matched,https://luckystore.com/images/products/INV-0130.jpg,placeholder
INV-0131,Lipton Pure Tea 25g,,,not_matched,https://luckystore.com/images/products/INV-0131.jpg,placeholder
INV-0132,Radhuni Holud Gura 50gm,,,not_matched,https://luckystore.com/images/products/INV-0132.jpg,placeholder
INV-0133,Taaza Tea Bag,,,not_matched,https://luckystore.com/images/products/INV-0133.jpg,placeholder
INV-0134,Doodles Stick Noodles 150g,,,not_matched,https://luckystore.com/images/products/INV-0134.jpg,placeholder
INV-0135,Dove Shampoo Intensive Repair 330ml,,,not_matched,https://luckystore.com/images/products/INV-0135.jpg,placeholder
INV-0136,Taaza 50g,,,not_matched,https://luckystore.com/images/products/INV-0136.jpg,placeholder
INV-0137,Transtec LED Bright 9w Pin,,,not_matched,https://luckystore.com/images/products/INV-0137.jpg,placeholder
INV-0138,Clear Shampoo Cool Sport Menthol 80ml,,,not_matched,https://luckystore.com/images/products/INV-0138.jpg,placeholder
INV-0139,Taaza 100g,,,not_matched,https://luckystore.com/images/products/INV-0139.jpg,placeholder
INV-0140,Nutrilife Pomegranate 1L,,,not_matched,https://luckystore.com/images/products/INV-0140.jpg,placeholder
INV-0141,Lifebouy Liquid Lemon Fresh 200ml,,,not_matched,https://luckystore.com/images/products/INV-0141.jpg,placeholder
INV-0142,Taaza 400g,,,not_matched,https://luckystore.com/images/products/INV-0142.jpg,placeholder
INV-0143,Oats Bar,,,not_matched,https://luckystore.com/images/products/INV-0143.jpg,placeholder
INV-0144,Digestive -Standard Pack,,,not_matched,https://luckystore.com/images/products/INV-0144.jpg,placeholder
INV-0145,Tang Orange Refill Pack 500gm,Tang Powder Drink Orange 500gm (BIB),0.801,needs_review,https://d2t8nl1y0ie1km.cloudfront.net/images/thumbs/65fa938d115075f231ec4b22_Tang-Powder-Drink-Orange-500gm-BIB_1_415.webp,shwapno_match_review
INV-0146,Radhuni Kala Bhuna 80gm,,,not_matched,https://luckystore.com/images/products/INV-0146.jpg,placeholder
INV-0147,Radhuni Dhoniya Gura 100gm,,,not_matched,https://luckystore.com/images/products/INV-0147.jpg,placeholder
INV-0148,Taaza 500g,,,not_matched,https://luckystore.com/images/products/INV-0148.jpg,placeholder
INV-0149,Tip - Family Pack,,,not_matched,https://luckystore.com/images/products/INV-0149.jpg,placeholder
INV-0150,Lifebouy Health Soap Total 90g,,,not_matched,https://luckystore.com/images/products/INV-0150.jpg,placeholder
INV-0151,Radhuni Mezbani Gorur Masala 68gm,,,not_matched,https://luckystore.com/images/products/INV-0151.jpg,placeholder
INV-0152,Radhuni Panch Phoron Powder,,,not_matched,https://luckystore.com/images/products/INV-0152.jpg,placeholder
INV-0153,Taaza 500g 3 star,,,not_matched,https://luckystore.com/images/products/INV-0153.jpg,placeholder
INV-0154,Lifebouy Health Soap Lemon Fresh 90g,,,not_matched,https://luckystore.com/images/products/INV-0154.jpg,placeholder
INV-0155,Godrej Good Knight Power Activ+ (Machine + Refill),,,not_matched,https://luckystore.com/images/products/INV-0155.jpg,placeholder
INV-0156,Radhuni Morich Gura 200gm,,,not_matched,https://luckystore.com/images/products/INV-0156.jpg,placeholder
INV-0157,Pond Daily 100g,,,not_matched,https://luckystore.com/images/products/INV-0157.jpg,placeholder
INV-0158,Lifebouy Hand Soap Total 90g,,,not_matched,https://luckystore.com/images/products/INV-0158.jpg,placeholder
INV-0159,Doodles Instant Noodles Ramen 62g (8 Pack),,,not_matched,https://luckystore.com/images/products/INV-0159.jpg,placeholder
INV-0160,Dove Conditioner Intensive Repair 7ml,,,not_matched,https://luckystore.com/images/products/INV-0160.jpg,placeholder
INV-0161,Dove Conditioner Hairfall Rescue 170ml,,,not_matched,https://luckystore.com/images/products/INV-0161.jpg,placeholder
INV-0162,Godrej Good Knigth Bullet (Machine+Refill),,,not_matched,https://luckystore.com/images/products/INV-0162.jpg,placeholder
INV-0163,Eggs - White (Loose),,,not_matched,https://luckystore.com/images/products/INV-0163.jpg,placeholder
INV-0164,Bellame Digestive Biscuit 135g,,,not_matched,https://luckystore.com/images/products/INV-0164.jpg,placeholder
INV-0165,Radhuni Morich Gura 500gm,Radhuni Turmeric (Holud) Powder 500gm,0.758,needs_review,https://d2t8nl1y0ie1km.cloudfront.net/images/thumbs/65fa95bc115075f231ecc972_Radhuni-Turmeric-Holud-Powder-500gm_1_415.webp,shwapno_match_review
INV-0166,Goodknight Refill Liquid (45ml),,,not_matched,https://luckystore.com/images/products/INV-0166.jpg,placeholder
INV-0167,Transtec Backup 10w Churi,,,not_matched,https://luckystore.com/images/products/INV-0167.jpg,placeholder
INV-0168,Bashundhara Facial tissue box 150pcs,,,not_matched,https://luckystore.com/images/products/INV-0168.jpg,placeholder
INV-0169,Lux Soap Velvet Touch 150g,,,not_matched,https://luckystore.com/images/products/INV-0169.jpg,placeholder
INV-0170,Godrej Red HIT (200ml),,,not_matched,https://luckystore.com/images/products/INV-0170.jpg,placeholder
INV-0171,Radhuni Holud Gura 500gm,Radhuni Turmeric (Holud) Powder 500gm,0.890,auto_approved,https://d2t8nl1y0ie1km.cloudfront.net/images/thumbs/65fa95bc115075f231ecc972_Radhuni-Turmeric-Holud-Powder-500gm_1_415.webp,shwapno_match_high
INV-0172,Dove Shampoo Intensive Repair 6ml,,,not_matched,https://luckystore.com/images/products/INV-0172.jpg,placeholder
INV-0173,Radhuni Murgir Masala 100gm,,,not_matched,https://luckystore.com/images/products/INV-0173.jpg,placeholder
INV-0174,Ponds Light 50ml,,,not_matched,https://luckystore.com/images/products/INV-0174.jpg,placeholder
INV-0175,Seylon Cha Pata 500gm,,,not_matched,https://luckystore.com/images/products/INV-0175.jpg,placeholder
INV-0176,Lux Soap Soft Touch 150g,,,not_matched,https://luckystore.com/images/products/INV-0176.jpg,placeholder
INV-0177,Godrej Red Hit (400ml),,,not_matched,https://luckystore.com/images/products/INV-0177.jpg,placeholder
INV-0178,Radhuni Dhoniya Gura 500gm,,,not_matched,https://luckystore.com/images/products/INV-0178.jpg,placeholder
INV-0179,Dairy Milk 18gm,,,not_matched,https://luckystore.com/images/products/INV-0179.jpg,placeholder
INV-0180,Dove Shampoo Hairfall Rescue 6ml,,,not_matched,https://luckystore.com/images/products/INV-0180.jpg,placeholder
INV-0181,Ispahani Blenders Choice Premium Black Tea - 400g,,,not_matched,https://luckystore.com/images/products/INV-0181.jpg,placeholder
INV-0182,Ponds Superlight Gel 50ml,,,not_matched,https://luckystore.com/images/products/INV-0182.jpg,placeholder
INV-0183,Rin Fabric Solution Power Bright 500g,,,not_matched,https://luckystore.com/images/products/INV-0183.jpg,placeholder
INV-0184,Lux Soap Velvet Touch 150g,,,not_matched,https://luckystore.com/images/products/INV-0184.jpg,placeholder
INV-0185,Godrej Black Hit (200ml),,,not_matched,https://luckystore.com/images/products/INV-0185.jpg,placeholder
INV-0186,Vim Dish Washing Liquid 475ml,,,not_matched,https://luckystore.com/images/products/INV-0186.jpg,placeholder
INV-0187,Radhuni Dhoniya Gura 15gm,,,not_matched,https://luckystore.com/images/products/INV-0187.jpg,placeholder
INV-0188,Starship Chocolate Milk 200ml,,,not_matched,https://luckystore.com/images/products/INV-0188.jpg,placeholder
INV-0189,Radhuni Morich Gura 25gm,,,not_matched,https://luckystore.com/images/products/INV-0189.jpg,placeholder
INV-0190,Nan Opti Pro 1 300g,,,not_matched,https://luckystore.com/images/products/INV-0190.jpg,placeholder
INV-0191,Vim Dish Washing Liquid 200ml,,,not_matched,https://luckystore.com/images/products/INV-0191.jpg,placeholder
INV-0192,Kellogs Chocos 127g,,,not_matched,https://luckystore.com/images/products/INV-0192.jpg,placeholder
INV-0193,Bourbon Cookies -Classic Pack,,,not_matched,https://luckystore.com/images/products/INV-0193.jpg,placeholder
INV-0194,Ispahani Blenders Choice Premium Black Tea - 200g,,,not_matched,https://luckystore.com/images/products/INV-0194.jpg,placeholder
INV-0195,Radhuni Jira Gura 15gm,,,not_matched,https://luckystore.com/images/products/INV-0195.jpg,placeholder
INV-0196,Pulse - Mango Masala,,,not_matched,https://luckystore.com/images/products/INV-0196.jpg,placeholder
INV-0197,Dairy Milk Silk 55gm,Cadbury Dairy Milk Silk Chocolate 55gm,0.845,needs_review,https://d2t8nl1y0ie1km.cloudfront.net/images/thumbs/665c4b17702c2befa88fb91c_Cadbury-Dairy-Milk-Silk-Chocolate-605gm_5_415.webp,shwapno_match_review
INV-0198,Energy Plus - Family Pack,,,not_matched,https://luckystore.com/images/products/INV-0198.jpg,placeholder
INV-0199,Godrej Black Hit/Lime (475ml),,,not_matched,https://luckystore.com/images/products/INV-0199.jpg,placeholder
INV-0200,Kellogs Oats 400g,,,not_matched,https://luckystore.com/images/products/INV-0200.jpg,placeholder
INV-0201,Radhuni Kasundi 285ml,,,not_matched,https://luckystore.com/images/products/INV-0201.jpg,placeholder
INV-0202,Close Up Menthol Fresh Toothpaste 145g,,,not_matched,https://luckystore.com/images/products/INV-0202.jpg,placeholder
INV-0203,Godrej Soap,,,not_matched,https://luckystore.com/images/products/INV-0203.jpg,placeholder
INV-0204,Vim Dish Washing Liquid 1L,,,not_matched,https://luckystore.com/images/products/INV-0204.jpg,placeholder
INV-0205,Kopi - Candy,,,not_matched,https://luckystore.com/images/products/INV-0205.jpg,placeholder
INV-0206,Dairy Milk Silk Fruit & Nut 55gm,,,not_matched,https://luckystore.com/images/products/INV-0206.jpg,placeholder
INV-0207,Nutty - Family Pack,,,not_matched,https://luckystore.com/images/products/INV-0207.jpg,placeholder
INV-0208,Fortune Basmati Rice 1KG,,,not_matched,https://luckystore.com/images/products/INV-0208.jpg,placeholder
INV-0209,Seylon Tea Bag Pyramid 2gm,,,not_matched,https://luckystore.com/images/products/INV-0209.jpg,placeholder
INV-0210,Radhuni Mangsho Masala 100gm,,,not_matched,https://luckystore.com/images/products/INV-0210.jpg,placeholder
INV-0211,Radhuni Premium Ghee 100gm,Pran Premium Ghee 100gm,0.847,needs_review,https://d2t8nl1y0ie1km.cloudfront.net/images/thumbs/65fa9512115075f231ec765d_Pran-Premium-Ghee-100gm_1_415.webp,shwapno_match_review
INV-0212,Radhuni Shorisha Oil 1ltr,Radhuni Mustard Oil 1Ltr.,0.963,auto_approved,https://d2t8nl1y0ie1km.cloudfront.net/images/thumbs/66813503f077212bd74ef2d0_Radhuni-Mustard-Oil-1L_1_415.webp,shwapno_match_high
INV-0213,Radhuni Shorisha Oil 500ml,,,not_matched,https://luckystore.com/images/products/INV-0213.jpg,placeholder
INV-0214,Radhuni Morich Gura 100gm,Radhuni Turmeric (Holud) Powder 100gm,0.758,needs_review,https://d2t8nl1y0ie1km.cloudfront.net/images/thumbs/65fa95bc115075f231ecc96a_Radhuni-Turmeric-Holud-Powder-100gm_1_415.webp,shwapno_match_review
INV-0215,Milk Mary - Family Pack,,,not_matched,https://luckystore.com/images/products/INV-0215.jpg,placeholder
INV-0216,Dairy Milk Perk,,,not_matched,https://luckystore.com/images/products/INV-0216.jpg,placeholder
INV-0217,Godrej Powder Hair Dye Black 3g,,,not_matched,https://luckystore.com/images/products/INV-0217.jpg,placeholder
INV-0218,Lux Soap Soft Touch 75g,,,not_matched,https://luckystore.com/images/products/INV-0218.jpg,placeholder
INV-0219,Toffeeto Chocolate,,,not_matched,https://luckystore.com/images/products/INV-0219.jpg,placeholder
INV-0220,Nescafe Classic 200g Pouch,,,not_matched,https://luckystore.com/images/products/INV-0220.jpg,placeholder
INV-0221,Radhuni Kacchi Biriyani Masala 40gm,Radhuni Biryani Masala 40gm,0.973,auto_approved,https://d2t8nl1y0ie1km.cloudfront.net/images/thumbs/65fa95f0115075f231eccc3f_Radhuni-Biryani-Masala-40gm_1_415.webp,shwapno_match_high
INV-0222,Shell & Core,,,not_matched,https://luckystore.com/images/products/INV-0222.jpg,placeholder
INV-0223,Hello Cookies - Family Pack,,,not_matched,https://luckystore.com/images/products/INV-0223.jpg,placeholder
INV-0224,Expert Shampoo Hair Color 9g,,,not_matched,https://luckystore.com/images/products/INV-0224.jpg,placeholder
INV-0225,Mojo 250ml,,,not_matched,https://luckystore.com/images/products/INV-0225.jpg,placeholder
INV-0226,Bashundhara Restaurant Napkin,,,not_matched,https://luckystore.com/images/products/INV-0226.jpg,placeholder
INV-0227,Lux Soap Velvet Touch 75g,,,not_matched,https://luckystore.com/images/products/INV-0227.jpg,placeholder
INV-0228,Clear Shampoo Cool Sport Menthol 330ml,,,not_matched,https://luckystore.com/images/products/INV-0228.jpg,placeholder
INV-0229,Radhuni Korma Masala 30gm,,,not_matched,https://luckystore.com/images/products/INV-0229.jpg,placeholder
INV-0230,Kodomo Toothpaste Orange Cream - 40g,,,not_matched,https://luckystore.com/images/products/INV-0230.jpg,placeholder
INV-0231,Tastemaker - Tasting Salt,,,not_matched,https://luckystore.com/images/products/INV-0231.jpg,placeholder
INV-0232,Expert Shampoo Hair Color 5g,,,not_matched,https://luckystore.com/images/products/INV-0232.jpg,placeholder
INV-0233,Mojo 500ml,,,not_matched,https://luckystore.com/images/products/INV-0233.jpg,placeholder
INV-0234,Ata - loose,,,not_matched,https://luckystore.com/images/products/INV-0234.jpg,placeholder
INV-0235,Surf Excel 1000g,,,not_matched,https://luckystore.com/images/products/INV-0235.jpg,placeholder
INV-0236,Radhuni Borhani Masala 50gm,,,not_matched,https://luckystore.com/images/products/INV-0236.jpg,placeholder
INV-0237,Tresemme Shampoo Keratin Smooth 340ml,,,not_matched,https://luckystore.com/images/products/INV-0237.jpg,placeholder
INV-0238,Dairy Milk Bubbly 46gm,,,not_matched,https://luckystore.com/images/products/INV-0238.jpg,placeholder
INV-0239,Cake 1L,,,not_matched,https://luckystore.com/images/products/INV-0239.jpg,placeholder
INV-0240,Starship Milkshake Cookies 200ml,,,not_matched,https://luckystore.com/images/products/INV-0240.jpg,placeholder
INV-0241,AER Room Spray,,,not_matched,https://luckystore.com/images/products/INV-0241.jpg,placeholder
INV-0242,Real Potato Chips (American Tomato),,,not_matched,https://luckystore.com/images/products/INV-0242.jpg,placeholder
INV-0243,Doodles Instant Noodles Masala 62g (12 Pack),,,not_matched,https://luckystore.com/images/products/INV-0243.jpg,placeholder
INV-0244,Doodles Instant Noodles Masala 62g (8 Pack),,,not_matched,https://luckystore.com/images/products/INV-0244.jpg,placeholder
INV-0245,Lifebouy Soap Lemon Fresh 150g,,,not_matched,https://luckystore.com/images/products/INV-0245.jpg,placeholder
INV-0246,Dairy Milk Oreo 58gm,,,not_matched,https://luckystore.com/images/products/INV-0246.jpg,placeholder
INV-0247,Freedom Sanitary Napkin Heavy Flow Wings - 16Pads,,,not_matched,https://luckystore.com/images/products/INV-0247.jpg,placeholder
INV-0248,AER Pocket Perfume,,,not_matched,https://luckystore.com/images/products/INV-0248.jpg,placeholder
INV-0249,Bellame Butter Toast 200g,,,not_matched,https://luckystore.com/images/products/INV-0249.jpg,placeholder
INV-0250,Chicken Sticks -1,,,not_matched,https://luckystore.com/images/products/INV-0250.jpg,placeholder
INV-0251,Lux Soap Velvet Touch 90g,,,not_matched,https://luckystore.com/images/products/INV-0251.jpg,placeholder
INV-0252,Lifebouy Liquid Lemon Fresh 170ml,,,not_matched,https://luckystore.com/images/products/INV-0252.jpg,placeholder
INV-0253,Vanilla (cup),,,not_matched,https://luckystore.com/images/products/INV-0253.jpg,placeholder
INV-0254,Godrej Magic Handwash Refill,,,not_matched,https://luckystore.com/images/products/INV-0254.jpg,placeholder
INV-0255,Muffin Lata Vanilla 8g,,,not_matched,https://luckystore.com/images/products/INV-0255.jpg,placeholder
INV-0256,Vim Jumbo Size Steel Scourer - (2 Pkt Bundle),,,not_matched,https://luckystore.com/images/products/INV-0256.jpg,placeholder
INV-0257,Volt Pencil Battery UM-3,,,not_matched,https://luckystore.com/images/products/INV-0257.jpg,placeholder
INV-0258,Lux Soap Soft Touch 90g,,,not_matched,https://luckystore.com/images/products/INV-0258.jpg,placeholder
INV-0259,Radhuni Morich Gura 50gm,,,not_matched,https://luckystore.com/images/products/INV-0259.jpg,placeholder
INV-0260,Muffin Bread Vanilla 324g,,,not_matched,https://luckystore.com/images/products/INV-0260.jpg,placeholder
INV-0261,Chocbar,,,not_matched,https://luckystore.com/images/products/INV-0261.jpg,placeholder
INV-0262,Kazi Toast 250g,,,not_matched,https://luckystore.com/images/products/INV-0262.jpg,placeholder
INV-0263,Muffin Lata Chocolate 8g,,,not_matched,https://luckystore.com/images/products/INV-0263.jpg,placeholder
INV-0264,Axe Musk Deodorant Body Spray - 150ml,,,not_matched,https://luckystore.com/images/products/INV-0264.jpg,placeholder
INV-0265,Patabahar Coil - 1Pac,,,not_matched,https://luckystore.com/images/products/INV-0265.jpg,placeholder
INV-0266,Dano Daily Pusti 500g,,,not_matched,https://luckystore.com/images/products/INV-0266.jpg,placeholder
INV-0267,Seylon Green Tea 1.5gm,,,not_matched,https://luckystore.com/images/products/INV-0267.jpg,placeholder
INV-0268,Muffin Bread Chocolate 324g,,,not_matched,https://luckystore.com/images/products/INV-0268.jpg,placeholder
INV-0269,Slice Pound Cake Vanilla,,,not_matched,https://luckystore.com/images/products/INV-0269.jpg,placeholder
INV-0270,Muffin Lata Fruit 8g,,,not_matched,https://luckystore.com/images/products/INV-0270.jpg,placeholder
INV-0271,Poppers Corn Coconut Crackers 25g,,,not_matched,https://luckystore.com/images/products/INV-0271.jpg,placeholder
INV-0272,Bashundhara Toilet Tissue (Gold),,,not_matched,https://luckystore.com/images/products/INV-0272.jpg,placeholder
INV-0273,Fortune Mustard Oil 250ml,Radhuni Mustard Oil 250ml,0.897,needs_review,https://d2t8nl1y0ie1km.cloudfront.net/images/thumbs/668134fef077212bd74ef289_Radhuni-Mustard-Oil-250ml_1_415.webp,shwapno_match_review
INV-0274,Dark Desire 1kg,,,not_matched,https://luckystore.com/images/products/INV-0274.jpg,placeholder
INV-0275,Doodles Instant Noodles Ramen 62g (4 Pack),,,not_matched,https://luckystore.com/images/products/INV-0275.jpg,placeholder
INV-0276,Pound Cake Vanilla,,,not_matched,https://luckystore.com/images/products/INV-0276.jpg,placeholder
INV-0277,Slice Pound Cake Milk,,,not_matched,https://luckystore.com/images/products/INV-0277.jpg,placeholder
INV-0278,Bashundhara Facial tissue box 100pcs,,,not_matched,https://luckystore.com/images/products/INV-0278.jpg,placeholder
INV-0279,Moida - loose,,,not_matched,https://luckystore.com/images/products/INV-0279.jpg,placeholder
INV-0280,Radhuni Jira Gura 50gm,,,not_matched,https://luckystore.com/images/products/INV-0280.jpg,placeholder
INV-0281,Golden 1kg,,,not_matched,https://luckystore.com/images/products/INV-0281.jpg,placeholder
INV-0282,Radhuni Holud Gura 200gm,Radhuni Turmeric (Holud) Powder 200gm (Jar),0.867,needs_review,https://d2t8nl1y0ie1km.cloudfront.net/images/thumbs/65fa95f8115075f231eccca7_Radhuni-Turmeric-Holud-Powder-200gm-Jar_1_415.webp,shwapno_match_review
INV-0283,Pound Cake Chocolate,,,not_matched,https://luckystore.com/images/products/INV-0283.jpg,placeholder
INV-0284,Mini Dry Cake,,,not_matched,https://luckystore.com/images/products/INV-0284.jpg,placeholder
INV-0285,Bashundhara Hand Towel 250 Box,,,not_matched,https://luckystore.com/images/products/INV-0285.jpg,placeholder
INV-0286,Bashundhara Hand Towel White 150pcs,,,not_matched,https://luckystore.com/images/products/INV-0286.jpg,placeholder
INV-0287,Radhuni Gorur Masala 25gm,,,not_matched,https://luckystore.com/images/products/INV-0287.jpg,placeholder
INV-0288,Radhuni Fried Chicken Mix 75gm,,,not_matched,https://luckystore.com/images/products/INV-0288.jpg,placeholder
INV-0289,Radhuni Kabab Masala 50gm,,,not_matched,https://luckystore.com/images/products/INV-0289.jpg,placeholder
INV-0290,Nutrilife Can,,,not_matched,https://luckystore.com/images/products/INV-0290.jpg,placeholder
INV-0291,Tomato Ketchup Small,,,not_matched,https://luckystore.com/images/products/INV-0291.jpg,placeholder
INV-0292,Ponds Bright Beauty 50g,,,not_matched,https://luckystore.com/images/products/INV-0292.jpg,placeholder
INV-0293,Chupa Chups Best of Lollipops (6Pcs Bundle) - 72g,,,not_matched,https://luckystore.com/images/products/INV-0293.jpg,placeholder
INV-0294,Radhuni Gorom Masala Gura 15gm,,,not_matched,https://luckystore.com/images/products/INV-0294.jpg,placeholder
INV-0295,Mango Melody 1L,,,not_matched,https://luckystore.com/images/products/INV-0295.jpg,placeholder
INV-0296,Center Fresh Chewing Gum,,,not_matched,https://luckystore.com/images/products/INV-0296.jpg,placeholder
INV-0297,Dano Daily Pusti 50g,,,not_matched,https://luckystore.com/images/products/INV-0297.jpg,placeholder
INV-0298,Fortune Mustard Oil 80ml,,,not_matched,https://luckystore.com/images/products/INV-0298.jpg,placeholder
INV-0299,Nimki Small,,,not_matched,https://luckystore.com/images/products/INV-0299.jpg,placeholder
INV-0300,Radhuni Holud Gura 25gm,,,not_matched,https://luckystore.com/images/products/INV-0300.jpg,placeholder
INV-0301,Vanilla (1/2 L),,,not_matched,https://luckystore.com/images/products/INV-0301.jpg,placeholder
INV-0302,Radhuni Hasher Mangsho 33gm,,,not_matched,https://luckystore.com/images/products/INV-0302.jpg,placeholder
INV-0303,Bellame Chocolate Fondue Cookie 176g,,,not_matched,https://luckystore.com/images/products/INV-0303.jpg,placeholder
INV-0304,Nutrilife Mango Juice 1L,,,not_matched,https://luckystore.com/images/products/INV-0304.jpg,placeholder
INV-0305,Bashundhara Toilet Tissue (White),,,not_matched,https://luckystore.com/images/products/INV-0305.jpg,placeholder
INV-0306,Dry Cake (300g),,,not_matched,https://luckystore.com/images/products/INV-0306.jpg,placeholder
INV-0307,Strawberry (1/2 L),,,not_matched,https://luckystore.com/images/products/INV-0307.jpg,placeholder
INV-0308,Radhuni Holud Gura 100gm,Radhuni Turmeric (Holud) Powder 100gm,0.890,auto_approved,https://d2t8nl1y0ie1km.cloudfront.net/images/thumbs/65fa95bc115075f231ecc96a_Radhuni-Turmeric-Holud-Powder-100gm_1_415.webp,shwapno_match_high
INV-0309,Nutrilife Orange Juice 1L,,,not_matched,https://luckystore.com/images/products/INV-0309.jpg,placeholder
INV-0310,ABC Cup Hot Gulai Chicken Flavour - 60g,,,not_matched,https://luckystore.com/images/products/INV-0310.jpg,placeholder
INV-0311,Radhuni Biriyani Masala 40gm,,,not_matched,https://luckystore.com/images/products/INV-0311.jpg,placeholder
INV-0312,Chocolate (1/2 L),,,not_matched,https://luckystore.com/images/products/INV-0312.jpg,placeholder
INV-0313,Radhuni Macher Masala 20gm,,,not_matched,https://luckystore.com/images/products/INV-0313.jpg,placeholder
INV-0314,Transtec Backup 15w Pin,,,not_matched,https://luckystore.com/images/products/INV-0314.jpg,placeholder
INV-0315,Dairy Milk Crispello 19gm,,,not_matched,https://luckystore.com/images/products/INV-0315.jpg,placeholder
INV-0316,Go & Handsome Skin Cream Men 25g,,,not_matched,https://luckystore.com/images/products/INV-0316.jpg,placeholder
INV-0317,Shell & Core,,,not_matched,https://luckystore.com/images/products/INV-0317.jpg,placeholder
INV-0318,Transtec Backup 15w Churi,,,not_matched,https://luckystore.com/images/products/INV-0318.jpg,placeholder
INV-0319,Dano Sterilized Cream - 160g,,,not_matched,https://luckystore.com/images/products/INV-0319.jpg,placeholder
INV-0320,Radhuni Tehari Masala 40gm,Radhuni Tehari Masala 40gm,1.000,auto_approved,https://d2t8nl1y0ie1km.cloudfront.net/images/thumbs/65fa95f4115075f231eccc73_Radhuni-Tehari-Masala-40gm_1_415.webp,shwapno_match_high
INV-0321,Discone,,,not_matched,https://luckystore.com/images/products/INV-0321.jpg,placeholder
INV-0322,Avonee Pant Style Baby Diaper (9-14Kg) - L 48pcs,,,not_matched,https://luckystore.com/images/products/INV-0322.jpg,placeholder
INV-0323,Maxline ML-073 Multi Color Multiplug 3 Port with 3M Cable,,,not_matched,https://luckystore.com/images/products/INV-0323.jpg,placeholder
INV-0324,Doodles Stick Noodles Chicken Delight 300g,,,not_matched,https://luckystore.com/images/products/INV-0324.jpg,placeholder
INV-0325,Mentos,,,not_matched,https://luckystore.com/images/products/INV-0325.jpg,placeholder
INV-0326,Transtec LED Bright 18w Pin,,,not_matched,https://luckystore.com/images/products/INV-0326.jpg,placeholder
INV-0327,Mabroom Premium Dates - 500G,,,not_matched,https://luckystore.com/images/products/INV-0327.jpg,placeholder
INV-0328,Bellame Chocolate Digestive 135g,,,not_matched,https://luckystore.com/images/products/INV-0328.jpg,placeholder
INV-0329,Pound Cake Fruit,,,not_matched,https://luckystore.com/images/products/INV-0329.jpg,placeholder
INV-0330,Transtac LED Bright 18w Churi,,,not_matched,https://luckystore.com/images/products/INV-0330.jpg,placeholder
INV-0331,Nescafe Sunrise 3in1 10g,,,not_matched,https://luckystore.com/images/products/INV-0331.jpg,placeholder
INV-0332,Dairy Milk Hazelnut 54gm,,,not_matched,https://luckystore.com/images/products/INV-0332.jpg,placeholder
INV-0333,Radhuni Shorisha Oil 80ml,,,not_matched,https://luckystore.com/images/products/INV-0333.jpg,placeholder
INV-0334,Transtec Mosquito Bat,,,not_matched,https://luckystore.com/images/products/INV-0334.jpg,placeholder
INV-0335,Twinings Pure Green Tea 25 Bags - 50g,,,not_matched,https://luckystore.com/images/products/INV-0335.jpg,placeholder
INV-0336,Dairy Milk Roast Almond 52gm,,,not_matched,https://luckystore.com/images/products/INV-0336.jpg,placeholder
INV-0337,ACI Chinigura 50KG Loose,,,not_matched,https://luckystore.com/images/products/INV-0337.jpg,placeholder
INV-0338,Bashundhara Hand Towel 250 Poly,,,not_matched,https://luckystore.com/images/products/INV-0338.jpg,placeholder
INV-0339,Twinings Green Tea & Ginger 20 Bags - 40g,,,not_matched,https://luckystore.com/images/products/INV-0339.jpg,placeholder
INV-0340,Kellogs Almond Corn Flakes 300g,,,not_matched,https://luckystore.com/images/products/INV-0340.jpg,placeholder
INV-0341,Vanilla 1L,,,not_matched,https://luckystore.com/images/products/INV-0341.jpg,placeholder
INV-0342,Firni 1L,,,not_matched,https://luckystore.com/images/products/INV-0342.jpg,placeholder
INV-0343,Twinings Green Tea Jasmine - 25 Bags,,,not_matched,https://luckystore.com/images/products/INV-0343.jpg,placeholder
INV-0344,Kellogs Corn Flakes Real Honey 300g,,,not_matched,https://luckystore.com/images/products/INV-0344.jpg,placeholder
INV-0345,Strawberry 1L,,,not_matched,https://luckystore.com/images/products/INV-0345.jpg,placeholder
INV-0346,Doi 1L,,,not_matched,https://luckystore.com/images/products/INV-0346.jpg,placeholder
INV-0347,Twinings Green Tea & lemon - 25 Bags,,,not_matched,https://luckystore.com/images/products/INV-0347.jpg,placeholder
INV-0348,Garlic - roshun,,,not_matched,https://luckystore.com/images/products/INV-0348.jpg,placeholder
INV-0349,Chocolate 1L,,,not_matched,https://luckystore.com/images/products/INV-0349.jpg,placeholder
INV-0350,Basmati (Golden) Banglamoti Loose,,,not_matched,https://luckystore.com/images/products/INV-0350.jpg,placeholder
INV-0351,Twinings Green Tea Earl Grey 20 Bags - 40g,,,not_matched,https://luckystore.com/images/products/INV-0351.jpg,placeholder
INV-0352,Wheel Fabric Solutions Clean and Fresh 200g,,,not_matched,https://luckystore.com/images/products/INV-0352.jpg,placeholder
INV-0353,Safe Touch 0032 5Port 5m Cable Multiplug Heavy Duty White,,,not_matched,https://luckystore.com/images/products/INV-0353.jpg,placeholder
INV-0354,Transtec LED Bright 13w Churi,,,not_matched,https://luckystore.com/images/products/INV-0354.jpg,placeholder
INV-0355,Saf Instant Yeast - 100g,,,not_matched,https://luckystore.com/images/products/INV-0355.jpg,placeholder
INV-0356,Go & Handsome Facewash Men 50g,,,not_matched,https://luckystore.com/images/products/INV-0356.jpg,placeholder
INV-0357,Pulse - Mango Masala,,,not_matched,https://luckystore.com/images/products/INV-0357.jpg,placeholder
INV-0358,Samyang Hot Chicken Flavor Carbo Ramen Noodles Cup - 80g,,,not_matched,https://luckystore.com/images/products/INV-0358.jpg,placeholder
INV-0359,Nescafe Classic 90g Jar,,,not_matched,https://luckystore.com/images/products/INV-0359.jpg,placeholder
INV-0360,Rexona Men Advanced Invisible Dry Roll On - 45ml,,,not_matched,https://luckystore.com/images/products/INV-0360.jpg,placeholder
INV-0361,Marks Powder 500gm,,,not_matched,https://luckystore.com/images/products/INV-0361.jpg,placeholder
INV-0362,MI 9se 18W Quick Charger 3.0 With Power Adapter,,,not_matched,https://luckystore.com/images/products/INV-0362.jpg,placeholder
INV-0363,Aarong Liquid Milk 1ltr,,,not_matched,https://luckystore.com/images/products/INV-0363.jpg,placeholder
INV-0364,Paprika Powder - 15g,,,not_matched,https://luckystore.com/images/products/INV-0364.jpg,placeholder
INV-0365,Maggi Vegetable Soup 25g,Maggi Healthy Soup Vegetable 25gm,0.867,needs_review,https://d2t8nl1y0ie1km.cloudfront.net/images/thumbs/65fa9614d61902ef23078c21_Maggi-Healthy-Soup-Vegetable-25gm_1_415.webp,shwapno_match_review
INV-0366,Awei Data Cable Micro USB (CL-115M),,,not_matched,https://luckystore.com/images/products/INV-0366.jpg,placeholder
INV-0367,Ispahani blenders choice premium green tea - 35g,,,not_matched,https://luckystore.com/images/products/INV-0367.jpg,placeholder
INV-0368,Safe Touch 0032 5Port 2m Cable Multiplug Heavy Duty White,,,not_matched,https://luckystore.com/images/products/INV-0368.jpg,placeholder
INV-0369,Maggi Thai Soup 35g,Maggi Healthy Soup Thai 35gm,0.896,auto_approved,https://d2t8nl1y0ie1km.cloudfront.net/images/thumbs/65fa9615d61902ef23078c25_Maggi-Healthy-Soup-Thai-35gm_1_415.webp,shwapno_match_high
INV-0370,Dano Daily Pusti 100g,,,not_matched,https://luckystore.com/images/products/INV-0370.jpg,placeholder
INV-0371,Mars Fruit & Nut Chocolate - 32g,,,not_matched,https://luckystore.com/images/products/INV-0371.jpg,placeholder
INV-0372,Maggi Corn Soup 25g,Maggi Healthy Soup Corn With Chicken 25gm,0.751,needs_review,https://d2t8nl1y0ie1km.cloudfront.net/images/thumbs/65fa9610d61902ef23078bed_Maggi-Healthy-Soup-Corn-With-Chicken-25gm_1_415.webp,shwapno_match_review
INV-0373,Radhuni Chotpoti Masala 50gm,,,not_matched,https://luckystore.com/images/products/INV-0373.jpg,placeholder
INV-0374,Snickers Fruit & Nut Chocolate - 32g,,,not_matched,https://luckystore.com/images/products/INV-0374.jpg,placeholder
INV-0375,Marks Powder 250gm,,,not_matched,https://luckystore.com/images/products/INV-0375.jpg,placeholder
INV-0376,Dairy Milk Fuse 21gm,,,not_matched,https://luckystore.com/images/products/INV-0376.jpg,placeholder
INV-0377,Katari Atob 25KG (Premium),,,not_matched,https://luckystore.com/images/products/INV-0377.jpg,placeholder
INV-0378,Maltova Baking Powder 100g,,,not_matched,https://luckystore.com/images/products/INV-0378.jpg,placeholder
INV-0379,Foodie Masala Noodles 12 Pack,,,not_matched,https://luckystore.com/images/products/INV-0379.jpg,placeholder
INV-0380,Haiko Agar Agar - 20g,,,not_matched,https://luckystore.com/images/products/INV-0380.jpg,placeholder
INV-0381,Maggi Fun Pack 992g,,,not_matched,https://luckystore.com/images/products/INV-0381.jpg,placeholder
INV-0382,Kikkoman All Purpose Seasoning Soy Sauce - 1ltr,,,not_matched,https://luckystore.com/images/products/INV-0382.jpg,placeholder
INV-0383,Wheel Fabric Solutions Laundry Soap 125g,,,not_matched,https://luckystore.com/images/products/INV-0383.jpg,placeholder
INV-0384,Mohammad Baking Soda - 86g,,,not_matched,https://luckystore.com/images/products/INV-0384.jpg,placeholder
INV-0385,Dano Power 200g,,,not_matched,https://luckystore.com/images/products/INV-0385.jpg,placeholder
INV-0386,Rexona Motionsense Advanced Brightening Roll On - 50ml,,,not_matched,https://luckystore.com/images/products/INV-0386.jpg,placeholder
INV-0387,Diploma IFCMP 1kg,,,not_matched,https://luckystore.com/images/products/INV-0387.jpg,placeholder
INV-0388,Radhuni Dhoniya Gura 200gm,Radhuni Haleem Mix 200gm,0.746,needs_review,https://d2t8nl1y0ie1km.cloudfront.net/images/thumbs/65fa95b2115075f231ecc8f6_Radhuni-Haleem-Mix-200gm_1_415.webp,shwapno_match_review
INV-0389,Dano Sterilized Cream - 170g,,,not_matched,https://luckystore.com/images/products/INV-0389.jpg,placeholder
INV-0390,Cerelac Stage 1 Rice 350g,,,not_matched,https://luckystore.com/images/products/INV-0390.jpg,placeholder
INV-0391,Dano Delight 500g,,,not_matched,https://luckystore.com/images/products/INV-0391.jpg,placeholder
INV-0392,Mohammad Yeast,,,not_matched,https://luckystore.com/images/products/INV-0392.jpg,placeholder
INV-0393,Cerelac Stage I Wheat 350g,,,not_matched,https://luckystore.com/images/products/INV-0393.jpg,placeholder
INV-0394,Cadbury Cocoa Powder Packet - 125g,Cadbury Cocoa Powder 125gm,0.968,auto_approved,https://d2t8nl1y0ie1km.cloudfront.net/images/thumbs/66827b5be605f3fd35f16d0e_Cadbury-Cocoa-Powder-125gm_1_415.webp,shwapno_match_high
INV-0395,Jirashail 25KG (Nobanno),,,not_matched,https://luckystore.com/images/products/INV-0395.jpg,placeholder
INV-0396,Movilcell M15 Fast Charging Cable TypeC 5A Output,,,not_matched,https://luckystore.com/images/products/INV-0396.jpg,placeholder
INV-0397,Standard Horlicks Jar 250g,,,not_matched,https://luckystore.com/images/products/INV-0397.jpg,placeholder
INV-0398,Yardley London English Blossom Deodorant Roll On - 50ml,,,not_matched,https://luckystore.com/images/products/INV-0398.jpg,placeholder
INV-0399,Cerelac Stage III Four Fruit 350g,,,not_matched,https://luckystore.com/images/products/INV-0399.jpg,placeholder
INV-0400,Rayners Corn Flour - 400g,,,not_matched,https://luckystore.com/images/products/INV-0400.jpg,placeholder
INV-0401,Nan Opti Pro 2 350g,,,not_matched,https://luckystore.com/images/products/INV-0401.jpg,placeholder
INV-0402,Baby Oats Health Paradise,,,not_matched,https://luckystore.com/images/products/INV-0402.jpg,placeholder
INV-0403,Nan Opti Pro 3 350g,,,not_matched,https://luckystore.com/images/products/INV-0403.jpg,placeholder
INV-0404,Dove Conditioner Intensive Repair 50ml,,,not_matched,https://luckystore.com/images/products/INV-0404.jpg,placeholder
INV-0405,Standard Horlicks Jar 500g,,,not_matched,https://luckystore.com/images/products/INV-0405.jpg,placeholder
INV-0406,Diploma IFCMP 500g,,,not_matched,https://luckystore.com/images/products/INV-0406.jpg,placeholder
INV-0407,Jirashail (Nobanno) Loose,,,not_matched,https://luckystore.com/images/products/INV-0407.jpg,placeholder
INV-0408,Boost Standard Jar 400g,,,not_matched,https://luckystore.com/images/products/INV-0408.jpg,placeholder
INV-0409,Maltova 400g,,,not_matched,https://luckystore.com/images/products/INV-0409.jpg,placeholder
INV-0410,Junior Horlicks Stage II 500g,Horlicks Junior Stage-1 500gm (Jar),0.755,needs_review,https://d2t8nl1y0ie1km.cloudfront.net/images/thumbs/68b574f77d266676045745fa_Horlicks-Junior-Stage-1-500gm-Jar_1_415.webp,shwapno_match_review
INV-0411,Junior Horlicks Stage I 500g,Horlicks Junior Stage-1 500gm (Jar),0.801,needs_review,https://d2t8nl1y0ie1km.cloudfront.net/images/thumbs/68b574f77d266676045745fa_Horlicks-Junior-Stage-1-500gm-Jar_1_415.webp,shwapno_match_review
INV-0412,Mother Horlicks 350g,,,not_matched,https://luckystore.com/images/products/INV-0412.jpg,placeholder
INV-0413,Horlicks Pouch 400g,Horlicks 400gm (Pouch),0.853,needs_review,https://d2t8nl1y0ie1km.cloudfront.net/images/thumbs/67dab556ac5a5cedd1d79685_Horlicks-400gm-Pouch_1_415.webp,shwapno_match_review
INV-0414,Standard Horlicks Jar 1000g,,,not_matched,https://luckystore.com/images/products/INV-0414.jpg,placeholder
INV-0415,Dry Cake,,,not_matched,https://luckystore.com/images/products/INV-0415.jpg,placeholder
INV-0416,Nazirshail (Rahman) Loose,,,not_matched,https://luckystore.com/images/products/INV-0416.jpg,placeholder
INV-0417,Nido 1+ 350g,,,not_matched,https://luckystore.com/images/products/INV-0417.jpg,placeholder
INV-0418,Shukran Rice Atosh 50KG,,,not_matched,https://luckystore.com/images/products/INV-0418.jpg,placeholder
INV-0419,Kellogs Fruit Loops 285g,,,not_matched,https://luckystore.com/images/products/INV-0419.jpg,placeholder
INV-0420,Sugar,,,not_matched,https://luckystore.com/images/products/INV-0420.jpg,placeholder
INV-0421,Kellogs Chocos Fills Centred Pillow 250g,,,not_matched,https://luckystore.com/images/products/INV-0421.jpg,placeholder
INV-0422,Katari C 25KG (Nobanno),,,not_matched,https://luckystore.com/images/products/INV-0422.jpg,placeholder
INV-0423,Nido Fortigo 350g,,,not_matched,https://luckystore.com/images/products/INV-0423.jpg,placeholder
INV-0424,Chona Boot,,,not_matched,https://luckystore.com/images/products/INV-0424.jpg,placeholder
INV-0425,Nazirshail 25KG (Rupchanda),,,not_matched,https://luckystore.com/images/products/INV-0425.jpg,placeholder
INV-0426,Fortune Rice Bran Oil 2L,,,not_matched,https://luckystore.com/images/products/INV-0426.jpg,placeholder
INV-0427,Lifebouy Liquid Lemon Fresh 170ml,,,not_matched,https://luckystore.com/images/products/INV-0427.jpg,placeholder
INV-0428,Surf Excel 180g,,,not_matched,https://luckystore.com/images/products/INV-0428.jpg,placeholder
INV-0429,Diploma IFCMP 200g,,,not_matched,https://luckystore.com/images/products/INV-0429.jpg,placeholder
INV-0430,Katari C (Nobanno) Loose,,,not_matched,https://luckystore.com/images/products/INV-0430.jpg,placeholder
INV-0431,Miniket C (Nouka) Loose,,,not_matched,https://luckystore.com/images/products/INV-0431.jpg,placeholder
INV-0432,Lactogen 1350g,,,not_matched,https://luckystore.com/images/products/INV-0432.jpg,placeholder
INV-0433,Ispahani Mirzapore Tea Bag - 50p,,,not_matched,https://luckystore.com/images/products/INV-0433.jpg,placeholder
INV-0434,Foster Clarks Baking Powder - 225gm,Foster Clark's Baking Powder 225gm,1.000,auto_approved,https://d2t8nl1y0ie1km.cloudfront.net/images/thumbs/65fa95b5115075f231ecc912_Foster-Clarks-Baking-Powder-225gm_1_415.webp,shwapno_match_high
INV-0435,Knock Chocolate Cream,,,not_matched,https://luckystore.com/images/products/INV-0435.jpg,placeholder
INV-0436,Lactogen 2 350g,,,not_matched,https://luckystore.com/images/products/INV-0436.jpg,placeholder
INV-0437,Knock Milk Cream,,,not_matched,https://luckystore.com/images/products/INV-0437.jpg,placeholder
INV-0438,Lactogen 3 350g,,,not_matched,https://luckystore.com/images/products/INV-0438.jpg,placeholder
INV-0439,Knock Strawberry Cream,,,not_matched,https://luckystore.com/images/products/INV-0439.jpg,placeholder
INV-0440,Cerelac Stage IV Chicken 350g,,,not_matched,https://luckystore.com/images/products/INV-0440.jpg,placeholder
INV-0441,Dano Delight 200g,,,not_matched,https://luckystore.com/images/products/INV-0441.jpg,placeholder
INV-0442,Cerelace Stage 1 Three Fruits 350g,,,not_matched,https://luckystore.com/images/products/INV-0442.jpg,placeholder
INV-0443,Nescafe Classic 180g Jar,,,not_matched,https://luckystore.com/images/products/INV-0443.jpg,placeholder
INV-0444,Nescafe Classic 45g Jar,,,not_matched,https://luckystore.com/images/products/INV-0444.jpg,placeholder
INV-0445,Potatoes - alu,,,not_matched,https://luckystore.com/images/products/INV-0445.jpg,placeholder
INV-0446,Kellogs Chocos 250g,,,not_matched,https://luckystore.com/images/products/INV-0446.jpg,placeholder
INV-0447,Nimki Big,,,not_matched,https://luckystore.com/images/products/INV-0447.jpg,placeholder
INV-0448,Marks Powder 1000gm,,,not_matched,https://luckystore.com/images/products/INV-0448.jpg,placeholder
INV-0449,Bashundhara Pocket Tissue Wallet (Per Hanger),,,not_matched,https://luckystore.com/images/products/INV-0449.jpg,placeholder
INV-0450,Dano Power 500g,,,not_matched,https://luckystore.com/images/products/INV-0450.jpg,placeholder
INV-0451,Coffee Bite Jar,,,not_matched,https://luckystore.com/images/products/INV-0451.jpg,placeholder
INV-0452,Radhuni Shorisha Oil 250ml,Radhuni Mustard Oil 250ml,0.968,auto_approved,https://d2t8nl1y0ie1km.cloudfront.net/images/thumbs/668134fef077212bd74ef289_Radhuni-Mustard-Oil-250ml_1_415.webp,shwapno_match_high
INV-0453,Regard Keora Water (Glass) - 200ml,,,not_matched,https://luckystore.com/images/products/INV-0453.jpg,placeholder
INV-0454,Kellogs Muesli Crunchy Fruit & Nut 500g,,,not_matched,https://luckystore.com/images/products/INV-0454.jpg,placeholder
INV-0455,Rangdhanu Mixed Herbs - 30g (Exp01.23),,,not_matched,https://luckystore.com/images/products/INV-0455.jpg,placeholder
INV-0456,Miniket Atob 25KG (Shonko),,,not_matched,https://luckystore.com/images/products/INV-0456.jpg,placeholder
INV-0457,Bellame Choco Little Cookies 240g,,,not_matched,https://luckystore.com/images/products/INV-0457.jpg,placeholder
INV-0458,Lifebouy Health Soap Lemon Fresh 150g,,,not_matched,https://luckystore.com/images/products/INV-0458.jpg,placeholder
INV-0459,Detos Nacho Cheese Chips 30g,,,not_matched,https://luckystore.com/images/products/INV-0459.jpg,placeholder
INV-0460,Lifebouy Health Soap Total 150g,,,not_matched,https://luckystore.com/images/products/INV-0460.jpg,placeholder
INV-0461,Go & Handsome Skin Cream Men 50g,,,not_matched,https://luckystore.com/images/products/INV-0461.jpg,placeholder
INV-0462,Rin Power White 200g,,,not_matched,https://luckystore.com/images/products/INV-0462.jpg,placeholder
INV-0463,Motor Daal,,,not_matched,https://luckystore.com/images/products/INV-0463.jpg,placeholder
INV-0464,Fortune Mustard Oil 5L,,,not_matched,https://luckystore.com/images/products/INV-0464.jpg,placeholder
INV-0465,Safari,,,not_matched,https://luckystore.com/images/products/INV-0465.jpg,placeholder
INV-0466,Nutrilife Cranberry 1L,,,not_matched,https://luckystore.com/images/products/INV-0466.jpg,placeholder
INV-0467,Bashundhara Paper Napkin 100 sheets,,,not_matched,https://luckystore.com/images/products/INV-0467.jpg,placeholder
INV-0468,Aril Chewing Gum Box 75pcs,,,not_matched,https://luckystore.com/images/products/INV-0468.jpg,placeholder
INV-0469,Kitkat 3 Finger,,,not_matched,https://luckystore.com/images/products/INV-0469.jpg,placeholder
INV-0470,Ginger - ada,Ginger (Ada) Imported,0.765,needs_review,https://d2t8nl1y0ie1km.cloudfront.net/images/thumbs/66589b07ce597a2258f62b3a_Ginger-Ada-Imported_1_415.webp,shwapno_match_review
INV-0471,Dairy Milk 40gm,Cadbary Dairy Milk Chocolate 40gm,0.785,needs_review,https://d2t8nl1y0ie1km.cloudfront.net/images/thumbs/65fa969dd61902ef2307b43b_Cadbury-Dairy-Milk-Chocolate-523gm_1_415.webp,shwapno_match_review
INV-0472,Rupchanda Soyabean Oil 1L,,,not_matched,https://luckystore.com/images/products/INV-0472.jpg,placeholder
INV-0473,Nido Family Choice 500g Pouch,,,not_matched,https://luckystore.com/images/products/INV-0473.jpg,placeholder
INV-0474,Kitkat 1 Finger,,,not_matched,https://luckystore.com/images/products/INV-0474.jpg,placeholder
INV-0475,Taaqa Juice,,,not_matched,https://luckystore.com/images/products/INV-0475.jpg,placeholder
INV-0476,Nutrilife Mango Juice 160ML,,,not_matched,https://luckystore.com/images/products/INV-0476.jpg,placeholder
INV-0477,Nutrilife Orange Juice 160ML,,,not_matched,https://luckystore.com/images/products/INV-0477.jpg,placeholder
INV-0478,Marks Powder 8gm,,,not_matched,https://luckystore.com/images/products/INV-0478.jpg,placeholder
INV-0479,Aril Assorted Lollipop,,,not_matched,https://luckystore.com/images/products/INV-0479.jpg,placeholder
INV-0480,Pampers Sensitive Fragrance Free Baby Wipes - 52 Pieces,,,not_matched,https://luckystore.com/images/products/INV-0480.jpg,placeholder
INV-0481,Nescafe 3in1 14g sachet,,,not_matched,https://luckystore.com/images/products/INV-0481.jpg,placeholder
INV-0482,Maggi 496g (Masala Flavour),,,not_matched,https://luckystore.com/images/products/INV-0482.jpg,placeholder
INV-0483,Lentils - Masur Daal,,,not_matched,https://luckystore.com/images/products/INV-0483.jpg,placeholder
INV-0484,Salt,,,not_matched,https://luckystore.com/images/products/INV-0484.jpg,placeholder
INV-0485,Vanilla 1kg,,,not_matched,https://luckystore.com/images/products/INV-0485.jpg,placeholder
INV-0486,Pond Oil Control 50g,,,not_matched,https://luckystore.com/images/products/INV-0486.jpg,placeholder
INV-0487,Go & Handsome Facewash Men 100g,,,not_matched,https://luckystore.com/images/products/INV-0487.jpg,placeholder
INV-0488,Samyang Extreme Hot Chicken Ramen Noodles Cup - 70g,,,not_matched,https://luckystore.com/images/products/INV-0488.jpg,placeholder
INV-0489,Bashundhara Kitchen Towel,,,not_matched,https://luckystore.com/images/products/INV-0489.jpg,placeholder
INV-0490,Meridian Chicken Chips,,,not_matched,https://luckystore.com/images/products/INV-0490.jpg,placeholder
INV-0491,Transtec Backup 10w Pin,,,not_matched,https://luckystore.com/images/products/INV-0491.jpg,placeholder
INV-0492,Meridian Shrimp Chips,,,not_matched,https://luckystore.com/images/products/INV-0492.jpg,placeholder
INV-0493,Ponds White Beauty 100g,,,not_matched,https://luckystore.com/images/products/INV-0493.jpg,placeholder
INV-0494,Ponds Oil Control 100g,,,not_matched,https://luckystore.com/images/products/INV-0494.jpg,placeholder
INV-0495,Radhuni Murgi Mangsho 20gm,,,not_matched,https://luckystore.com/images/products/INV-0495.jpg,placeholder
INV-0496,Domex 500ml,,,not_matched,https://luckystore.com/images/products/INV-0496.jpg,placeholder
INV-0497,Eggs - Red (Loose),,,not_matched,https://luckystore.com/images/products/INV-0497.jpg,placeholder
INV-0501,Radhuni BBQ Masala 50gm,,,not_matched,https://luckystore.com/images/products/INV-0501.jpg,placeholder
INV-0502,Radhuni Chicken Tandoori 50gm,,,not_matched,https://luckystore.com/images/products/INV-0502.jpg,placeholder
INV-0503,Marks Powder 15gm,,,not_matched,https://luckystore.com/images/products/INV-0503.jpg,placeholder
INV-0504,AMA 3 in 1 Coffee Mix 14gm,,,not_matched,https://luckystore.com/images/products/INV-0504.jpg,placeholder
INV-0505,Seylon Cha Pata 250gm,,,not_matched,https://luckystore.com/images/products/INV-0505.jpg,placeholder
INV-0506,Lolly (lemon),,,not_matched,https://luckystore.com/images/products/INV-0506.jpg,placeholder
INV-0507,Chocolate Cone,,,not_matched,https://luckystore.com/images/products/INV-0507.jpg,placeholder
INV-0508,Lolly (orange),,,not_matched,https://luckystore.com/images/products/INV-0508.jpg,placeholder
INV-0509,Macho,,,not_matched,https://luckystore.com/images/products/INV-0509.jpg,placeholder
INV-0510,French Vanilla 1L,,,not_matched,https://luckystore.com/images/products/INV-0510.jpg,placeholder
INV-0511,Nescafe Creamy Latte 18g Sachet,,,not_matched,https://luckystore.com/images/products/INV-0511.jpg,placeholder
INV-0512,Nestea Ice Tea 18g,,,not_matched,https://luckystore.com/images/products/INV-0512.jpg,placeholder
INV-0513,Radhuni Panch Phoron 50gm,,,not_matched,https://luckystore.com/images/products/INV-0513.jpg,placeholder
INV-0514,Dove Cream Bar 90g,,,not_matched,https://luckystore.com/images/products/INV-0514.jpg,placeholder
INV-0515,Dove Cream Pink Bar 90g,,,not_matched,https://luckystore.com/images/products/INV-0515.jpg,placeholder
INV-0516,Crunchybar,,,not_matched,https://luckystore.com/images/products/INV-0516.jpg,placeholder
INV-0517,Ponds Daily 50g,,,not_matched,https://luckystore.com/images/products/INV-0517.jpg,placeholder
INV-0518,Jirashail 25KG (Nobanno),,,not_matched,https://luckystore.com/images/products/INV-0518.jpg,placeholder
INV-0519,Radhuni Roast Masala 35gm,,,not_matched,https://luckystore.com/images/products/INV-0519.jpg,placeholder
INV-0520,Fortune Mustard Oil 1L,,,not_matched,https://luckystore.com/images/products/INV-0520.jpg,placeholder
INV-0521,Rupchanda Chinigura Rice 1KG,,,not_matched,https://luckystore.com/images/products/INV-0521.jpg,placeholder
INV-0522,Rin Powder Power Bright 1kg,,,not_matched,https://luckystore.com/images/products/INV-0522.jpg,placeholder
INV-0523,Radhuni Gorom Masala 40gm,,,not_matched,https://luckystore.com/images/products/INV-0523.jpg,placeholder
INV-0524,Firni (cup),,,not_matched,https://luckystore.com/images/products/INV-0524.jpg,placeholder
INV-0525,Sneakers,,,not_matched,https://luckystore.com/images/products/INV-0525.jpg,placeholder
INV-0526,Lifebouy Liquid Care 170ml,,,not_matched,https://luckystore.com/images/products/INV-0526.jpg,placeholder
INV-0527,Nazirshail 25KG (Rahman),,,not_matched,https://luckystore.com/images/products/INV-0527.jpg,placeholder
INV-0528,Dairy Milk 10RS,,,not_matched,https://luckystore.com/images/products/INV-0528.jpg,placeholder
INV-0529,AMA Classic Coffee 1gm,,,not_matched,https://luckystore.com/images/products/INV-0529.jpg,placeholder
INV-0530,Nido 3+ 350g BiB,,,not_matched,https://luckystore.com/images/products/INV-0530.jpg,placeholder
INV-0531,Cerelac Stage V Multifruit 350g,,,not_matched,https://luckystore.com/images/products/INV-0531.jpg,placeholder
INV-0532,Cerelac Stage II Apply Cherry 350g,,,not_matched,https://luckystore.com/images/products/INV-0532.jpg,placeholder
INV-0533,Cerelac Stage II Chicken Scoop 350g,,,not_matched,https://luckystore.com/images/products/INV-0533.jpg,placeholder
INV-0534,Katari Atob 25KG (Rahman),,,not_matched,https://luckystore.com/images/products/INV-0534.jpg,placeholder
INV-0535,Rupchanda Soyabean Oil 2L,,,not_matched,https://luckystore.com/images/products/INV-0535.jpg,placeholder
INV-0536,Rupchanda Soyabean Oil 5L,,,not_matched,https://luckystore.com/images/products/INV-0536.jpg,placeholder
INV-0537,Nazirshail 25KG (Rahman),,,not_matched,https://luckystore.com/images/products/INV-0537.jpg,placeholder
INV-0538,Fortune Rice Bran Oil 5L,,,not_matched,https://luckystore.com/images/products/INV-0538.jpg,placeholder
INV-0539,Katari Atob (Rahman) Loose,,,not_matched,https://luckystore.com/images/products/INV-0539.jpg,placeholder
